"Binomial","Nrec","Group","ROC","TSS","Sensitivity","Specificity","Cutoff","Done"
"Abaremacochleata",20,"Trees",NA,NA,NA,NA,NA,"FALSE"
"Abaremafloribunda",2,"Trees",NA,NA,NA,NA,NA,"FALSE"
"Abaremajupunba",30,"Trees",NA,NA,NA,NA,NA,"FALSE"
"Abaremamataybifolia",46,"Trees",NA,NA,NA,NA,NA,"FALSE"
"Abaremapiresii",1,"Trees",NA,NA,NA,NA,NA,"FALSE"
"Abaremasp",1,"Trees",NA,NA,NA,NA,NA,"FALSE"
"Aburriacujubi",6,"Birds",NA,NA,NA,NA,NA,"FALSE"
"Abutagrandifolia",21,"Trees",NA,NA,NA,NA,NA,"FALSE"
"Abutapanurensis",2,"Trees",NA,NA,NA,NA,NA,"FALSE"
"Abutarufescens",7,"Trees",NA,NA,NA,NA,NA,"FALSE"
"Abutasolimoesensis",1,"Trees",NA,NA,NA,NA,NA,"FALSE"
"Accipitersuperciliosus",1,"Birds",NA,NA,NA,NA,NA,"FALSE"
"Adenocalymmaallamandiflorum",53,"Trees",NA,NA,NA,NA,NA,"FALSE"
"Adenocalymmabracteosum",21,"Trees",NA,NA,NA,NA,NA,"FALSE"
"Adenocalymmaimpressum",3,"Trees",NA,NA,NA,NA,NA,"FALSE"
"Adenocalymmaneoflavidum",94,"Trees",NA,NA,NA,NA,NA,"FALSE"
"Adenocalymmaschomburgkii",27,"Trees",NA,NA,NA,NA,NA,"FALSE"
"Adenocalymmasp",11,"Trees",NA,NA,NA,NA,NA,"FALSE"
"Adenocalymmasp1",1,"Trees",NA,NA,NA,NA,NA,"FALSE"
"Adenocalymmasubincanum",19,"Trees",NA,NA,NA,NA,NA,"FALSE"
"Adenocalymmatanaeciicarpum",16,"Trees",NA,NA,NA,NA,NA,"FALSE"
"Agonandrabrasiliensis",10,"Trees",NA,NA,NA,NA,NA,"FALSE"
"Aioueaguianensis",3,"Trees",NA,NA,NA,NA,NA,"FALSE"
"Aioueamyristicoides",3,"Trees",NA,NA,NA,NA,NA,"FALSE"
"Aioueasaligna",1,"Trees",NA,NA,NA,NA,NA,"FALSE"
"Aioueasp",3,"Trees",NA,NA,NA,NA,NA,"FALSE"
"Aioueatrinervis",2,"Trees",NA,NA,NA,NA,NA,"FALSE"
"Albiziapedicellaris",11,"Trees",NA,NA,NA,NA,NA,"FALSE"
"Alchorneopsisfloribunda",5,"Trees",NA,NA,NA,NA,NA,"FALSE"
"Alexagrandiflora",35,"Trees",NA,NA,NA,NA,NA,"FALSE"
"Alibertiasorbilis",1,"Trees",NA,NA,NA,NA,NA,"FALSE"
"Allophylusangustatus",2,"Trees",NA,NA,NA,NA,NA,"FALSE"
"Allophylusfloribundus",5,"Trees",NA,NA,NA,NA,NA,"FALSE"
"Amaiouacorymbosa",3,"Trees",NA,NA,NA,NA,NA,"FALSE"
"Amaiouaguianensis",30,"Trees",NA,NA,NA,NA,NA,"FALSE"
"Amazonafarinosa",92,"Birds",NA,NA,NA,NA,NA,"FALSE"
"Amazonaochrocephala",34,"Birds",NA,NA,NA,NA,NA,"FALSE"
"Ambelaniaacida",37,"Trees",NA,NA,NA,NA,NA,"FALSE"
"Ampeloceraedentula",17,"Trees",NA,NA,NA,NA,NA,"FALSE"
"Ampelozizyphusamazonicus",4,"Trees",NA,NA,NA,NA,NA,"FALSE"
"Amphiodoneffusus",149,"Trees",NA,NA,NA,NA,NA,"FALSE"
"Amphirrhoxlongifolia",27,"Trees",NA,NA,NA,NA,NA,"FALSE"
"Anacardiumgiganteum",4,"Trees",NA,NA,NA,NA,NA,"FALSE"
"Anacardiumparvifolium",8,"Trees",NA,NA,NA,NA,NA,"FALSE"
"Anacardiumspruceanum",5,"Trees",NA,NA,NA,NA,NA,"FALSE"
"Anaxagoreabrevipes",13,"Trees",NA,NA,NA,NA,NA,"FALSE"
"Anaxagoreaprinoides",5,"Trees",NA,NA,NA,NA,NA,"FALSE"
"Anaxagoreasp",1,"Trees",NA,NA,NA,NA,NA,"FALSE"
"Ancistropsstrigilatus",7,"Birds",NA,NA,NA,NA,NA,"FALSE"
"Anibaburchellii",3,"Trees",NA,NA,NA,NA,NA,"FALSE"
"Anibacanelilla",15,"Trees",NA,NA,NA,NA,NA,"FALSE"
"Anibacitrifolia",1,"Trees",NA,NA,NA,NA,NA,"FALSE"
"Anibaguianensis",17,"Trees",NA,NA,NA,NA,NA,"FALSE"
"Anibahostmanniana",2,"Trees",NA,NA,NA,NA,NA,"FALSE"
"Anibakappleri",2,"Trees",NA,NA,NA,NA,NA,"FALSE"
"Anibamegaphylla",12,"Trees",NA,NA,NA,NA,NA,"FALSE"
"Anibaparviflora",3,"Trees",NA,NA,NA,NA,NA,"FALSE"
"Anibariparia",4,"Trees",NA,NA,NA,NA,NA,"FALSE"
"Anibarosaeodora",3,"Trees",NA,NA,NA,NA,NA,"FALSE"
"Anibawilliamsii",11,"Trees",NA,NA,NA,NA,NA,"FALSE"
"Annonaambotay",4,"Trees",NA,NA,NA,NA,NA,"FALSE"
"Annonadensicoma",34,"Trees",NA,NA,NA,NA,NA,"FALSE"
"Annonaexsucca",136,"Trees",NA,NA,NA,NA,NA,"FALSE"
"Annonatenuipes",17,"Trees",NA,NA,NA,NA,NA,"FALSE"
"Anodorhynchushyacinthinus",1,"Birds",NA,NA,NA,NA,NA,"FALSE"
"Anomalocalyxsp",1,"Trees",NA,NA,NA,NA,NA,"FALSE"
"Anomospermumreticulatum",1,"Trees",NA,NA,NA,NA,NA,"FALSE"
"Antrostomussericocaudatus",6,"Birds",NA,NA,NA,NA,NA,"FALSE"
"Aparisthmiumcordatum",38,"Trees",NA,NA,NA,NA,NA,"FALSE"
"Apeibaechinata",53,"Trees",NA,NA,NA,NA,NA,"FALSE"
"Apeibaglabra",63,"Trees",NA,NA,NA,NA,NA,"FALSE"
"Apuleialeiocarpa",19,"Trees",NA,NA,NA,NA,NA,"FALSE"
"Arachloropterus",27,"Birds",NA,NA,NA,NA,NA,"FALSE"
"Aramacao",23,"Birds",NA,NA,NA,NA,NA,"FALSE"
"Aramidescajeana",2,"Birds",NA,NA,NA,NA,NA,"FALSE"
"Araseverus",42,"Birds",NA,NA,NA,NA,NA,"FALSE"
"Aristolochiaguentheri",2,"Trees",NA,NA,NA,NA,NA,"FALSE"
"Arremontaciturnus",28,"Birds",NA,NA,NA,NA,NA,"FALSE"
"Aspidospermacarapanauba",6,"Trees",NA,NA,NA,NA,NA,"FALSE"
"Aspidospermadesmanthum",18,"Trees",NA,NA,NA,NA,NA,"FALSE"
"Aspidospermaeteanum",18,"Trees",NA,NA,NA,NA,NA,"FALSE"
"Aspidospermaexcelsum",12,"Trees",NA,NA,NA,NA,NA,"FALSE"
"Aspidospermaoblongum",1,"Trees",NA,NA,NA,NA,NA,"FALSE"
"Aspidospermasandwithianum",2,"Trees",NA,NA,NA,NA,NA,"FALSE"
"Astrocaryumaculeatum",24,"Trees",NA,NA,NA,NA,NA,"FALSE"
"Astrocaryumgynacanthum",149,"Trees",NA,NA,NA,NA,NA,"FALSE"
"Astroniumgracile",32,"Trees",NA,NA,NA,NA,NA,"FALSE"
"Astroniumlecointei",18,"Trees",NA,NA,NA,NA,NA,"FALSE"
"Attaleabutyracea",1,"Trees",NA,NA,NA,NA,NA,"FALSE"
"Attaleamaripa",75,"Trees",NA,NA,NA,NA,NA,"FALSE"
"Attaleaspeciosa",24,"Trees",NA,NA,NA,NA,NA,"FALSE"
"Attaleaspectabilis",6,"Trees",NA,NA,NA,NA,NA,"FALSE"
"Attilacinnamomeus",8,"Birds",NA,NA,NA,NA,NA,"FALSE"
"Attilaspadiceus",72,"Birds",NA,NA,NA,NA,NA,"FALSE"
"Automolusochrolaemus",7,"Birds",NA,NA,NA,NA,NA,"FALSE"
"Automolusparaensis",31,"Birds",NA,NA,NA,NA,NA,"FALSE"
"Bactrisacanthocarpa",54,"Trees",NA,NA,NA,NA,NA,"FALSE"
"Bactriselegans",2,"Trees",NA,NA,NA,NA,NA,"FALSE"
"Bactrismaraja",2,"Trees",NA,NA,NA,NA,NA,"FALSE"
"Bactrissp",2,"Trees",NA,NA,NA,NA,NA,"FALSE"
"Bagassaguianensis",49,"Trees",NA,NA,NA,NA,NA,"FALSE"
"Banisteriopsissp1",4,"Trees",NA,NA,NA,NA,NA,"FALSE"
"Banisteriopsiswurdackii",19,"Trees",NA,NA,NA,NA,NA,"FALSE"
"Baryphthengusmartii",4,"Birds",NA,NA,NA,NA,NA,"FALSE"
"Bauhiniaacreana",13,"Trees",NA,NA,NA,NA,NA,"FALSE"
"Bauhiniaguianensis",126,"Trees",NA,NA,NA,NA,NA,"FALSE"
"Bauhiniaplatypetala",1,"Trees",NA,NA,NA,NA,NA,"FALSE"
"Belluciadichotoma",5,"Trees",NA,NA,NA,NA,NA,"FALSE"
"Belluciagrossularioides",87,"Trees",NA,NA,NA,NA,NA,"FALSE"
"Bertholletiaexcelsa",29,"Trees",NA,NA,NA,NA,NA,"FALSE"
"Bignoniaaequinoctialis",8,"Trees",NA,NA,NA,NA,NA,"FALSE"
"Bignonianocturna",2,"Trees",NA,NA,NA,NA,NA,"FALSE"
"Bignoniaprieurei",3,"Trees",NA,NA,NA,NA,NA,"FALSE"
"Bixaarborea",10,"Trees",NA,NA,NA,NA,NA,"FALSE"
"Bixaexcelsa",2,"Trees",NA,NA,NA,NA,NA,"FALSE"
"Bocageopsismultiflora",35,"Trees",NA,NA,NA,NA,NA,"FALSE"
"Bowdichianitida",26,"Trees",NA,NA,NA,NA,NA,"FALSE"
"Brosimumacutifolium",40,"Trees",NA,NA,NA,NA,NA,"FALSE"
"Brosimumguianense",106,"Trees",NA,NA,NA,NA,NA,"FALSE"
"Brosimumlactescens",14,"Trees",NA,NA,NA,NA,NA,"FALSE"
"Brosimumparinarioides",15,"Trees",NA,NA,NA,NA,NA,"FALSE"
"Brosimumpotabile",2,"Trees",NA,NA,NA,NA,NA,"FALSE"
"Brosimumrubescens",45,"Trees",NA,NA,NA,NA,NA,"FALSE"
"Brotogerischrysoptera",71,"Birds",NA,NA,NA,NA,NA,"FALSE"
"Brunfelsiagrandiflora",1,"Trees",NA,NA,NA,NA,NA,"FALSE"
"Buccocapensis",31,"Birds",NA,NA,NA,NA,NA,"FALSE"
"Buccotamatia",13,"Birds",NA,NA,NA,NA,NA,"FALSE"
"Buchenaviagrandis",12,"Trees",NA,NA,NA,NA,NA,"FALSE"
"Buchenaviamacrophylla",5,"Trees",NA,NA,NA,NA,NA,"FALSE"
"Buchenaviaparvifolia",13,"Trees",NA,NA,NA,NA,NA,"FALSE"
"Buchenaviatetraphylla",4,"Trees",NA,NA,NA,NA,NA,"FALSE"
"Byrsonimaaerugo",49,"Trees",NA,NA,NA,NA,NA,"FALSE"
"Byrsonimacrispa",28,"Trees",NA,NA,NA,NA,NA,"FALSE"
"Byrsonimasp",3,"Trees",NA,NA,NA,NA,NA,"FALSE"
"Cacicuscela",50,"Birds",NA,NA,NA,NA,NA,"FALSE"
"Cacicushaemorrhous",13,"Birds",NA,NA,NA,NA,NA,"FALSE"
"Callichlamyslatifolia",10,"Trees",NA,NA,NA,NA,NA,"FALSE"
"Calyptranthesamshoffae",2,"Trees",NA,NA,NA,NA,NA,"FALSE"
"Calyptranthesbipennis",11,"Trees",NA,NA,NA,NA,NA,"FALSE"
"Calyptrantheslucida",2,"Trees",NA,NA,NA,NA,NA,"FALSE"
"Calyptranthesmacrophylla",4,"Trees",NA,NA,NA,NA,NA,"FALSE"
"Calyptranthesmultiflora",5,"Trees",NA,NA,NA,NA,NA,"FALSE"
"Calyptranthesspeciosa",1,"Trees",NA,NA,NA,NA,NA,"FALSE"
"Campephilusrubricollis",51,"Birds",NA,NA,NA,NA,NA,"FALSE"
"Campomanesiaaromatica",11,"Trees",NA,NA,NA,NA,NA,"FALSE"
"Campylopteruslargipennis",29,"Birds",NA,NA,NA,NA,NA,"FALSE"
"Campylorhamphusprocurvoides",6,"Birds",NA,NA,NA,NA,NA,"FALSE"
"Campylorhynchusturdinus",12,"Birds",NA,NA,NA,NA,NA,"FALSE"
"Candolleodendronbrachystachyum",19,"Trees",NA,NA,NA,NA,NA,"FALSE"
"Capironadecorticans",8,"Trees",NA,NA,NA,NA,NA,"FALSE"
"Capparisnectaria",7,"Trees",NA,NA,NA,NA,NA,"FALSE"
"Caraipadensifolia",13,"Trees",NA,NA,NA,NA,NA,"FALSE"
"Carapaguianensis",29,"Trees",NA,NA,NA,NA,NA,"FALSE"
"Carinianamicrantha",5,"Trees",NA,NA,NA,NA,NA,"FALSE"
"Caryocarglabrum",16,"Trees",NA,NA,NA,NA,NA,"FALSE"
"Caryocarvillosum",16,"Trees",NA,NA,NA,NA,NA,"FALSE"
"Caryomenefoveolata",1,"Trees",NA,NA,NA,NA,NA,"FALSE"
"Caryothraustescanadensis",37,"Birds",NA,NA,NA,NA,NA,"FALSE"
"Caseariaarborea",70,"Trees",NA,NA,NA,NA,NA,"FALSE"
"Caseariacombaymensis",10,"Trees",NA,NA,NA,NA,NA,"FALSE"
"Caseariacommersoniana",14,"Trees",NA,NA,NA,NA,NA,"FALSE"
"Caseariadecandra",54,"Trees",NA,NA,NA,NA,NA,"FALSE"
"Caseariagrandiflora",32,"Trees",NA,NA,NA,NA,NA,"FALSE"
"Caseariajavitensis",97,"Trees",NA,NA,NA,NA,NA,"FALSE"
"Caseariapitumba",20,"Trees",NA,NA,NA,NA,NA,"FALSE"
"Caseariasp",5,"Trees",NA,NA,NA,NA,NA,"FALSE"
"Casimirellaampla",24,"Trees",NA,NA,NA,NA,NA,"FALSE"
"Cassiafastuosa",40,"Trees",NA,NA,NA,NA,NA,"FALSE"
"Cassipoureaguianensis",14,"Trees",NA,NA,NA,NA,NA,"FALSE"
"Castillaulei",23,"Trees",NA,NA,NA,NA,NA,"FALSE"
"Cathartesmelambrotus",11,"Birds",NA,NA,NA,NA,NA,"FALSE"
"Cathedraacuminata",2,"Trees",NA,NA,NA,NA,NA,"FALSE"
"Cecropiadistachya",114,"Trees",NA,NA,NA,NA,NA,"FALSE"
"Cecropiaobtusa",37,"Trees",NA,NA,NA,NA,NA,"FALSE"
"Cecropiapalmata",121,"Trees",NA,NA,NA,NA,NA,"FALSE"
"Cecropiasciadophylla",91,"Trees",NA,NA,NA,NA,NA,"FALSE"
"Celeuselegans",10,"Birds",NA,NA,NA,NA,NA,"FALSE"
"Celeusflavus",13,"Birds",NA,NA,NA,NA,NA,"FALSE"
"Celeusgrammicus",18,"Birds",NA,NA,NA,NA,NA,"FALSE"
"Celeustorquatus",8,"Birds",NA,NA,NA,NA,NA,"FALSE"
"Celeusundatus",20,"Birds",NA,NA,NA,NA,NA,"FALSE"
"Cercomacracinerascens",156,"Birds",NA,NA,NA,NA,NA,"FALSE"
"Cercomacralaeta",60,"Birds",NA,NA,NA,NA,NA,"FALSE"
"Chaeturabrachyura",73,"Birds",NA,NA,NA,NA,NA,"FALSE"
"Chaeturaspinicaudus",71,"Birds",NA,NA,NA,NA,NA,"FALSE"
"Chamaecristaapoucouita",16,"Trees",NA,NA,NA,NA,NA,"FALSE"
"Chamaecristabahiae",6,"Trees",NA,NA,NA,NA,NA,"FALSE"
"Chamaecristascleroxylon",41,"Trees",NA,NA,NA,NA,NA,"FALSE"
"Chamaecristaxinguensis",40,"Trees",NA,NA,NA,NA,NA,"FALSE"
"Chaunochitonkappleri",34,"Trees",NA,NA,NA,NA,NA,"FALSE"
"Cheilocliniumcognatum",18,"Trees",NA,NA,NA,NA,NA,"FALSE"
"Chelidopteratenebrosa",4,"Birds",NA,NA,NA,NA,NA,"FALSE"
"Chimarrhisturbinata",60,"Trees",NA,NA,NA,NA,NA,"FALSE"
"Chiroxiphiapareola",41,"Birds",NA,NA,NA,NA,NA,"FALSE"
"Chomeliatenuiflora",2,"Trees",NA,NA,NA,NA,NA,"FALSE"
"Chrysophyllumcuneifolium",9,"Trees",NA,NA,NA,NA,NA,"FALSE"
"Chrysophyllumlucentifolium",71,"Trees",NA,NA,NA,NA,NA,"FALSE"
"Chrysophyllumpomiferum",12,"Trees",NA,NA,NA,NA,NA,"FALSE"
"Chrysophyllumprieurii",12,"Trees",NA,NA,NA,NA,NA,"FALSE"
"Chrysophyllumsanguinolentum",11,"Trees",NA,NA,NA,NA,NA,"FALSE"
"Chrysophyllumsparsiflorum",14,"Trees",NA,NA,NA,NA,NA,"FALSE"
"Clarisiailicifolia",78,"Trees",NA,NA,NA,NA,NA,"FALSE"
"Clarisiaracemosa",20,"Trees",NA,NA,NA,NA,NA,"FALSE"
"Clavijalancifolia",8,"Trees",NA,NA,NA,NA,NA,"FALSE"
"Clitoriajavitensis",3,"Trees",NA,NA,NA,NA,NA,"FALSE"
"Coccolobaascendens",31,"Trees",NA,NA,NA,NA,NA,"FALSE"
"Coccolobaexcelsa",6,"Trees",NA,NA,NA,NA,NA,"FALSE"
"Coccolobalatifolia",6,"Trees",NA,NA,NA,NA,NA,"FALSE"
"Coccolobamarginata",9,"Trees",NA,NA,NA,NA,NA,"FALSE"
"Coccolobamollis",10,"Trees",NA,NA,NA,NA,NA,"FALSE"
"Coccolobasp",9,"Trees",NA,NA,NA,NA,NA,"FALSE"
"Coerebaflaveola",115,"Birds",NA,NA,NA,NA,NA,"FALSE"
"Coleostachysgenipifolia",5,"Trees",NA,NA,NA,NA,NA,"FALSE"
"Combretumlaxum",35,"Trees",NA,NA,NA,NA,NA,"FALSE"
"Compsoneuraulei",27,"Trees",NA,NA,NA,NA,NA,"FALSE"
"Conceveibaguianensis",18,"Trees",NA,NA,NA,NA,NA,"FALSE"
"Conchocarpusgrandis",2,"Trees",NA,NA,NA,NA,NA,"FALSE"
"Connaruscoriaceus",1,"Trees",NA,NA,NA,NA,NA,"FALSE"
"Connaruserianthus",30,"Trees",NA,NA,NA,NA,NA,"FALSE"
"Connarusperrottetii",17,"Trees",NA,NA,NA,NA,NA,"FALSE"
"Conopiastrivirgatus",9,"Birds",NA,NA,NA,NA,NA,"FALSE"
"Conopophagaaurita",7,"Birds",NA,NA,NA,NA,NA,"FALSE"
"Copaiferareticulata",22,"Trees",NA,NA,NA,NA,NA,"FALSE"
"Cordiabicolor",70,"Trees",NA,NA,NA,NA,NA,"FALSE"
"Cordiaexaltata",151,"Trees",NA,NA,NA,NA,NA,"FALSE"
"Cordialomatoloba",15,"Trees",NA,NA,NA,NA,NA,"FALSE"
"Cordianodosa",32,"Trees",NA,NA,NA,NA,NA,"FALSE"
"Cordiasellowiana",18,"Trees",NA,NA,NA,NA,NA,"FALSE"
"Corythopistorquatus",9,"Birds",NA,NA,NA,NA,NA,"FALSE"
"Couepiaguianensis",31,"Trees",NA,NA,NA,NA,NA,"FALSE"
"Couepiasp",2,"Trees",NA,NA,NA,NA,NA,"FALSE"
"Coumaguianensis",2,"Trees",NA,NA,NA,NA,NA,"FALSE"
"Couratariguianensis",53,"Trees",NA,NA,NA,NA,NA,"FALSE"
"Couratarioblongifolia",21,"Trees",NA,NA,NA,NA,NA,"FALSE"
"Couratariparviflora",1,"Trees",NA,NA,NA,NA,NA,"FALSE"
"Courataristellata",92,"Trees",NA,NA,NA,NA,NA,"FALSE"
"Courataritauari",1,"Trees",NA,NA,NA,NA,NA,"FALSE"
"Coussareaalbescens",10,"Trees",NA,NA,NA,NA,NA,"FALSE"
"Coussareamicrococca",1,"Trees",NA,NA,NA,NA,NA,"FALSE"
"Coussareanodosa",1,"Trees",NA,NA,NA,NA,NA,"FALSE"
"Coussareapaniculata",21,"Trees",NA,NA,NA,NA,NA,"FALSE"
"Coussareasp",1,"Trees",NA,NA,NA,NA,NA,"FALSE"
"Crepidospermumgoudotianum",14,"Trees",NA,NA,NA,NA,NA,"FALSE"
"Crotonmatourensis",35,"Trees",NA,NA,NA,NA,NA,"FALSE"
"Crotonsp",1,"Trees",NA,NA,NA,NA,NA,"FALSE"
"Crudiaaequalis",2,"Trees",NA,NA,NA,NA,NA,"FALSE"
"Crudiaoblonga",8,"Trees",NA,NA,NA,NA,NA,"FALSE"
"Crypturelluscinereus",15,"Birds",NA,NA,NA,NA,NA,"FALSE"
"Crypturellussoui",66,"Birds",NA,NA,NA,NA,NA,"FALSE"
"Crypturellusstrigulosus",20,"Birds",NA,NA,NA,NA,NA,"FALSE"
"Crypturellusvariegatus",28,"Birds",NA,NA,NA,NA,NA,"FALSE"
"Cupaniadiphylla",8,"Trees",NA,NA,NA,NA,NA,"FALSE"
"Cupaniahirsuta",10,"Trees",NA,NA,NA,NA,NA,"FALSE"
"Cupaniahispida",3,"Trees",NA,NA,NA,NA,NA,"FALSE"
"Cupaniarufescens",1,"Trees",NA,NA,NA,NA,NA,"FALSE"
"Cupaniascrobiculata",91,"Trees",NA,NA,NA,NA,NA,"FALSE"
"Curareacandicans",6,"Trees",NA,NA,NA,NA,NA,"FALSE"
"Curareatoxicofera",6,"Trees",NA,NA,NA,NA,NA,"FALSE"
"Cyanoloxiacyanoides",36,"Birds",NA,NA,NA,NA,NA,"FALSE"
"Cybianthuspenduliflorus",1,"Trees",NA,NA,NA,NA,NA,"FALSE"
"Cyclarhisgujanensis",64,"Birds",NA,NA,NA,NA,NA,"FALSE"
"Cymbilaimuslineatus",52,"Birds",NA,NA,NA,NA,NA,"FALSE"
"Cynometramarginata",9,"Trees",NA,NA,NA,NA,NA,"FALSE"
"Cyphorhinaarada",1,"Birds",NA,NA,NA,NA,NA,"FALSE"
"Dacniscayana",16,"Birds",NA,NA,NA,NA,NA,"FALSE"
"Dacnislineata",2,"Birds",NA,NA,NA,NA,NA,"FALSE"
"Dalbergiasubcymosa",16,"Trees",NA,NA,NA,NA,NA,"FALSE"
"Davillakunthii",51,"Trees",NA,NA,NA,NA,NA,"FALSE"
"Davillarugosa",79,"Trees",NA,NA,NA,NA,NA,"FALSE"
"Deconychuralongicauda",6,"Birds",NA,NA,NA,NA,NA,"FALSE"
"Degueliautilis",5,"Trees",NA,NA,NA,NA,NA,"FALSE"
"Dendrexetastesrufigula",15,"Birds",NA,NA,NA,NA,NA,"FALSE"
"Dendrobangiaboliviana",12,"Trees",NA,NA,NA,NA,NA,"FALSE"
"Dendrocinclafuliginosa",100,"Birds",NA,NA,NA,NA,NA,"FALSE"
"Dendrocinclamerula",15,"Birds",NA,NA,NA,NA,NA,"FALSE"
"Dendrocolaptescerthia",64,"Birds",NA,NA,NA,NA,NA,"FALSE"
"Dendrocolaptespicumnus",40,"Birds",NA,NA,NA,NA,NA,"FALSE"
"Deroptyusaccipitrinus",21,"Birds",NA,NA,NA,NA,NA,"FALSE"
"Derrisfloribunda",45,"Trees",NA,NA,NA,NA,NA,"FALSE"
"Derrissp",5,"Trees",NA,NA,NA,NA,NA,"FALSE"
"Derrisspruceana",18,"Trees",NA,NA,NA,NA,NA,"FALSE"
"Dialiumguianense",63,"Trees",NA,NA,NA,NA,NA,"FALSE"
"Dicellaconwayi",6,"Trees",NA,NA,NA,NA,NA,"FALSE"
"Dichapetalumpedunculatum",11,"Trees",NA,NA,NA,NA,NA,"FALSE"
"Dichapetalumrugosum",4,"Trees",NA,NA,NA,NA,NA,"FALSE"
"Dichapetalumsp",1,"Trees",NA,NA,NA,NA,NA,"FALSE"
"Dicranostylesampla",9,"Trees",NA,NA,NA,NA,NA,"FALSE"
"Dicranostylesintegra",1,"Trees",NA,NA,NA,NA,NA,"FALSE"
"Dicranostyleslaxa",11,"Trees",NA,NA,NA,NA,NA,"FALSE"
"Diniziaexcelsa",6,"Trees",NA,NA,NA,NA,NA,"FALSE"
"Diocleabicolor",5,"Trees",NA,NA,NA,NA,NA,"FALSE"
"Diocleacoriacea",13,"Trees",NA,NA,NA,NA,NA,"FALSE"
"Diocleamacrocarpa",9,"Trees",NA,NA,NA,NA,NA,"FALSE"
"Diocleamalacocarpa",6,"Trees",NA,NA,NA,NA,NA,"FALSE"
"Diospyroscapreifolia",39,"Trees",NA,NA,NA,NA,NA,"FALSE"
"Diospyroscarbonaria",30,"Trees",NA,NA,NA,NA,NA,"FALSE"
"Diospyrosguianensis",1,"Trees",NA,NA,NA,NA,NA,"FALSE"
"Diospyrosvestita",5,"Trees",NA,NA,NA,NA,NA,"FALSE"
"Diplotropispurpurea",13,"Trees",NA,NA,NA,NA,NA,"FALSE"
"Dipteryxodorata",32,"Trees",NA,NA,NA,NA,NA,"FALSE"
"Dixiphiapipra",14,"Birds",NA,NA,NA,NA,NA,"FALSE"
"Dodecastigmaintegrifolium",49,"Trees",NA,NA,NA,NA,NA,"FALSE"
"Dolichandraquadrivalvis",1,"Trees",NA,NA,NA,NA,NA,"FALSE"
"Dolichandraunguis-cati",2,"Trees",NA,NA,NA,NA,NA,"FALSE"
"Doliocarpusamazonicus",2,"Trees",NA,NA,NA,NA,NA,"FALSE"
"Doliocarpusdentatus",36,"Trees",NA,NA,NA,NA,NA,"FALSE"
"Doliocarpusgracilis",9,"Trees",NA,NA,NA,NA,NA,"FALSE"
"Doliocarpusmajor",9,"Trees",NA,NA,NA,NA,NA,"FALSE"
"Dryocopuslineatus",61,"Birds",NA,NA,NA,NA,NA,"FALSE"
"Drypetesvariabilis",17,"Trees",NA,NA,NA,NA,NA,"FALSE"
"Duckesiaverrucosa",3,"Trees",NA,NA,NA,NA,NA,"FALSE"
"Duguetiacalycina",30,"Trees",NA,NA,NA,NA,NA,"FALSE"
"Duguetiaechinophora",48,"Trees",NA,NA,NA,NA,NA,"FALSE"
"Duguetiaeximia",7,"Trees",NA,NA,NA,NA,NA,"FALSE"
"Duguetiaflagellaris",60,"Trees",NA,NA,NA,NA,NA,"FALSE"
"Duguetiapycnastera",25,"Trees",NA,NA,NA,NA,NA,"FALSE"
"Duguetiasp1",5,"Trees",NA,NA,NA,NA,NA,"FALSE"
"Duguetiastelechantha",2,"Trees",NA,NA,NA,NA,NA,"FALSE"
"Duguetiasurinamensis",30,"Trees",NA,NA,NA,NA,NA,"FALSE"
"Dulaciaguianensis",2,"Trees",NA,NA,NA,NA,NA,"FALSE"
"Duroiaguianensis",3,"Trees",NA,NA,NA,NA,NA,"FALSE"
"Duroiamacrophylla",14,"Trees",NA,NA,NA,NA,NA,"FALSE"
"Dussiadiscolor",1,"Trees",NA,NA,NA,NA,NA,"FALSE"
"Dysithamnusmentalis",34,"Birds",NA,NA,NA,NA,NA,"FALSE"
"Ecclinusaguianensis",46,"Trees",NA,NA,NA,NA,NA,"FALSE"
"Ecclinusaramiflora",31,"Trees",NA,NA,NA,NA,NA,"FALSE"
"Elachypterafloribunda",5,"Trees",NA,NA,NA,NA,NA,"FALSE"
"Elizabethaparaensis",1,"Trees",NA,NA,NA,NA,NA,"FALSE"
"Endlicheriamultiflora",3,"Trees",NA,NA,NA,NA,NA,"FALSE"
"Endopleurauchi",14,"Trees",NA,NA,NA,NA,NA,"FALSE"
"Ephedranthusparviflorus",2,"Trees",NA,NA,NA,NA,NA,"FALSE"
"Ephedranthuspisocarpus",3,"Trees",NA,NA,NA,NA,NA,"FALSE"
"Epinecrophyllaleucophthalma",19,"Birds",NA,NA,NA,NA,NA,"FALSE"
"Eriothecagracilipes",1,"Trees",NA,NA,NA,NA,NA,"FALSE"
"Eriothecalongipedicellata",60,"Trees",NA,NA,NA,NA,NA,"FALSE"
"Erismauncinatum",10,"Trees",NA,NA,NA,NA,NA,"FALSE"
"Erythrochitonsp",1,"Trees",NA,NA,NA,NA,NA,"FALSE"
"Erythroxylummacrophyllum",16,"Trees",NA,NA,NA,NA,NA,"FALSE"
"Eschweileraamazonica",122,"Trees",NA,NA,NA,NA,NA,"FALSE"
"Eschweileraapiculata",14,"Trees",NA,NA,NA,NA,NA,"FALSE"
"Eschweileraatropetiolata",5,"Trees",NA,NA,NA,NA,NA,"FALSE"
"Eschweilerabracteosa",16,"Trees",NA,NA,NA,NA,NA,"FALSE"
"Eschweileracollina",29,"Trees",NA,NA,NA,NA,NA,"FALSE"
"Eschweileracoriacea",154,"Trees",NA,NA,NA,NA,NA,"FALSE"
"Eschweileragrandiflora",104,"Trees",NA,NA,NA,NA,NA,"FALSE"
"Eschweileramicrantha",7,"Trees",NA,NA,NA,NA,NA,"FALSE"
"Eschweileraovata",8,"Trees",NA,NA,NA,NA,NA,"FALSE"
"Eschweileraparviflora",33,"Trees",NA,NA,NA,NA,NA,"FALSE"
"Eschweilerapedicellata",94,"Trees",NA,NA,NA,NA,NA,"FALSE"
"Eschweilerapiresii",2,"Trees",NA,NA,NA,NA,NA,"FALSE"
"Eschweilerasp",3,"Trees",NA,NA,NA,NA,NA,"FALSE"
"Eschweilerasp1",1,"Trees",NA,NA,NA,NA,NA,"FALSE"
"Eugeniabelemitana",41,"Trees",NA,NA,NA,NA,NA,"FALSE"
"Eugeniacupulata",28,"Trees",NA,NA,NA,NA,NA,"FALSE"
"Eugeniaflavescens",21,"Trees",NA,NA,NA,NA,NA,"FALSE"
"Eugeniaomissa",33,"Trees",NA,NA,NA,NA,NA,"FALSE"
"Eugeniapatens",5,"Trees",NA,NA,NA,NA,NA,"FALSE"
"Eugeniapatrisii",72,"Trees",NA,NA,NA,NA,NA,"FALSE"
"Eugeniapolystachya",34,"Trees",NA,NA,NA,NA,NA,"FALSE"
"Eugeniapseudopsidium",2,"Trees",NA,NA,NA,NA,NA,"FALSE"
"Eugeniaramiflora",14,"Trees",NA,NA,NA,NA,NA,"FALSE"
"Eugeniasp",5,"Trees",NA,NA,NA,NA,NA,"FALSE"
"Eugeniastictopetala",4,"Trees",NA,NA,NA,NA,NA,"FALSE"
"Eugeniastipitata",2,"Trees",NA,NA,NA,NA,NA,"FALSE"
"Eugeniaumbelliflora",10,"Trees",NA,NA,NA,NA,NA,"FALSE"
"Euphoniacayennensis",7,"Birds",NA,NA,NA,NA,NA,"FALSE"
"Euphoniachrysopasta",1,"Birds",NA,NA,NA,NA,NA,"FALSE"
"Euphoniarufiventris",5,"Birds",NA,NA,NA,NA,NA,"FALSE"
"Euplassapinnata",1,"Trees",NA,NA,NA,NA,NA,"FALSE"
"Euxylophoraparaensis",8,"Trees",NA,NA,NA,NA,NA,"FALSE"
"Exostylesamazonica",6,"Trees",NA,NA,NA,NA,NA,"FALSE"
"Exotheadiphylla",3,"Trees",NA,NA,NA,NA,NA,"FALSE"
"Farameacapillipes",5,"Trees",NA,NA,NA,NA,NA,"FALSE"
"Farameacorymbosa",2,"Trees",NA,NA,NA,NA,NA,"FALSE"
"Farameacrassifolia",9,"Trees",NA,NA,NA,NA,NA,"FALSE"
"Farameaoccidentalis",3,"Trees",NA,NA,NA,NA,NA,"FALSE"
"Farameasessilifolia",2,"Trees",NA,NA,NA,NA,NA,"FALSE"
"Ferdinandusaelliptica",8,"Trees",NA,NA,NA,NA,NA,"FALSE"
"Ferdinandusaparaensis",4,"Trees",NA,NA,NA,NA,NA,"FALSE"
"Ficusnymphaeifolia",1,"Trees",NA,NA,NA,NA,NA,"FALSE"
"Florisugamellivora",4,"Birds",NA,NA,NA,NA,NA,"FALSE"
"Formicariusanalis",32,"Birds",NA,NA,NA,NA,NA,"FALSE"
"Formicariuscolma",8,"Birds",NA,NA,NA,NA,NA,"FALSE"
"Forsteroniaaffinis",7,"Trees",NA,NA,NA,NA,NA,"FALSE"
"Forsteroniaduckei",11,"Trees",NA,NA,NA,NA,NA,"FALSE"
"Forsteroniagracilis",4,"Trees",NA,NA,NA,NA,NA,"FALSE"
"Forsteroniaguyanensis",10,"Trees",NA,NA,NA,NA,NA,"FALSE"
"Forsteroniamollis",2,"Trees",NA,NA,NA,NA,NA,"FALSE"
"Forsteroniasp",2,"Trees",NA,NA,NA,NA,NA,"FALSE"
"Fridericiacinnamomea",30,"Trees",NA,NA,NA,NA,NA,"FALSE"
"Fridericianigrescens",2,"Trees",NA,NA,NA,NA,NA,"FALSE"
"Fridericiaprancei",2,"Trees",NA,NA,NA,NA,NA,"FALSE"
"Fridericiasp1",1,"Trees",NA,NA,NA,NA,NA,"FALSE"
"Fridericiatrailii",10,"Trees",NA,NA,NA,NA,NA,"FALSE"
"Fridericiatuberculata",15,"Trees",NA,NA,NA,NA,NA,"FALSE"
"Fusaealongifolia",60,"Trees",NA,NA,NA,NA,NA,"FALSE"
"Galbulacyanicollis",44,"Birds",NA,NA,NA,NA,NA,"FALSE"
"Galbuladea",36,"Birds",NA,NA,NA,NA,NA,"FALSE"
"Galipeatrifoliata",3,"Trees",NA,NA,NA,NA,NA,"FALSE"
"Garciniamacrophylla",5,"Trees",NA,NA,NA,NA,NA,"FALSE"
"Garciniamadruno",5,"Trees",NA,NA,NA,NA,NA,"FALSE"
"Geissospermumsericeum",38,"Trees",NA,NA,NA,NA,NA,"FALSE"
"Geissospermumvellosii",22,"Trees",NA,NA,NA,NA,NA,"FALSE"
"Geonomamaxima",2,"Trees",NA,NA,NA,NA,NA,"FALSE"
"Geonomasp",1,"Trees",NA,NA,NA,NA,NA,"FALSE"
"Geotrygonmontana",25,"Birds",NA,NA,NA,NA,NA,"FALSE"
"Glaucidiumhardyi",23,"Birds",NA,NA,NA,NA,NA,"FALSE"
"Glycydendronamazonicum",20,"Trees",NA,NA,NA,NA,NA,"FALSE"
"Glyphorynchusspirurus",141,"Birds",NA,NA,NA,NA,NA,"FALSE"
"Gnetumschwackeanum",5,"Trees",NA,NA,NA,NA,NA,"FALSE"
"Goupiaglabra",54,"Trees",NA,NA,NA,NA,NA,"FALSE"
"Grallariavaria",7,"Birds",NA,NA,NA,NA,NA,"FALSE"
"Granatelluspelzelni",32,"Birds",NA,NA,NA,NA,NA,"FALSE"
"Guapiravenosa",49,"Trees",NA,NA,NA,NA,NA,"FALSE"
"Guareacarinata",54,"Trees",NA,NA,NA,NA,NA,"FALSE"
"Guareagrandifolia",4,"Trees",NA,NA,NA,NA,NA,"FALSE"
"Guareaguidonia",13,"Trees",NA,NA,NA,NA,NA,"FALSE"
"Guareakunthiana",28,"Trees",NA,NA,NA,NA,NA,"FALSE"
"Guareamacrophylla",40,"Trees",NA,NA,NA,NA,NA,"FALSE"
"Guareaseptentrionalis",2,"Trees",NA,NA,NA,NA,NA,"FALSE"
"Guareasilvatica",23,"Trees",NA,NA,NA,NA,NA,"FALSE"
"Guareasp",1,"Trees",NA,NA,NA,NA,NA,"FALSE"
"Guarubaguarouba",31,"Birds",NA,NA,NA,NA,NA,"FALSE"
"Guatteriablepharophylla",3,"Trees",NA,NA,NA,NA,NA,"FALSE"
"Guatteriaboliviana",9,"Trees",NA,NA,NA,NA,NA,"FALSE"
"Guatteriacryandra",2,"Trees",NA,NA,NA,NA,NA,"FALSE"
"Guatteriaguianensis",5,"Trees",NA,NA,NA,NA,NA,"FALSE"
"Guatteriaolivacea",3,"Trees",NA,NA,NA,NA,NA,"FALSE"
"Guatteriapoeppigiana",157,"Trees",NA,NA,NA,NA,NA,"FALSE"
"GuatteriaPoeppigiana",1,"Trees",NA,NA,NA,NA,NA,"FALSE"
"Guatteriaschomburgkiana",106,"Trees",NA,NA,NA,NA,NA,"FALSE"
"Guatteriavillosissima",4,"Trees",NA,NA,NA,NA,NA,"FALSE"
"Gustaviaaugusta",14,"Trees",NA,NA,NA,NA,NA,"FALSE"
"Gustaviahexapetala",30,"Trees",NA,NA,NA,NA,NA,"FALSE"
"Gustaviapoeppigiana",12,"Trees",NA,NA,NA,NA,NA,"FALSE"
"Habiarubica",4,"Birds",NA,NA,NA,NA,NA,"FALSE"
"Haematoderusmilitaris",1,"Birds",NA,NA,NA,NA,NA,"FALSE"
"Handroanthusimpetiginosus",3,"Trees",NA,NA,NA,NA,NA,"FALSE"
"Handroanthusobscurus",8,"Trees",NA,NA,NA,NA,NA,"FALSE"
"Handroanthusserratifolius",38,"Trees",NA,NA,NA,NA,NA,"FALSE"
"Heisteriaacuminata",25,"Trees",NA,NA,NA,NA,NA,"FALSE"
"Heisteriabarbata",17,"Trees",NA,NA,NA,NA,NA,"FALSE"
"Helicostylispedunculata",21,"Trees",NA,NA,NA,NA,NA,"FALSE"
"Helicostylisscabra",4,"Trees",NA,NA,NA,NA,NA,"FALSE"
"Helicostylissp",1,"Trees",NA,NA,NA,NA,NA,"FALSE"
"Helicostylistomentosa",55,"Trees",NA,NA,NA,NA,NA,"FALSE"
"Hemithraupisguira",32,"Birds",NA,NA,NA,NA,NA,"FALSE"
"Hemitriccusminimus",11,"Birds",NA,NA,NA,NA,NA,"FALSE"
"Herpetotherescachinnans",18,"Birds",NA,NA,NA,NA,NA,"FALSE"
"Herpsilochmusrufimarginatus",72,"Birds",NA,NA,NA,NA,NA,"FALSE"
"Heteropteryssp",1,"Trees",NA,NA,NA,NA,NA,"FALSE"
"Heveaguianensis",24,"Trees",NA,NA,NA,NA,NA,"FALSE"
"Himatanthussucuuba",38,"Trees",NA,NA,NA,NA,NA,"FALSE"
"Hippocrateavolubilis",36,"Trees",NA,NA,NA,NA,NA,"FALSE"
"Hiraeafagifolia",4,"Trees",NA,NA,NA,NA,NA,"FALSE"
"Hirtellabicornis",12,"Trees",NA,NA,NA,NA,NA,"FALSE"
"Hirtelladuckei",1,"Trees",NA,NA,NA,NA,NA,"FALSE"
"Hirtellaeriandra",14,"Trees",NA,NA,NA,NA,NA,"FALSE"
"Hirtellaglandulosa",11,"Trees",NA,NA,NA,NA,NA,"FALSE"
"Hirtellaobidensis",4,"Trees",NA,NA,NA,NA,NA,"FALSE"
"Hirtellaphysophora",3,"Trees",NA,NA,NA,NA,NA,"FALSE"
"Hirtellapiresii",8,"Trees",NA,NA,NA,NA,NA,"FALSE"
"Hirtellaracemosa",36,"Trees",NA,NA,NA,NA,NA,"FALSE"
"Hirtellasp",1,"Trees",NA,NA,NA,NA,NA,"FALSE"
"Hydropsalisnigrescens",11,"Birds",NA,NA,NA,NA,NA,"FALSE"
"Hylexetastesuniformis",32,"Birds",NA,NA,NA,NA,NA,"FALSE"
"Hylopezusberlepschi",7,"Birds",NA,NA,NA,NA,NA,"FALSE"
"Hylopezusmacularius",10,"Birds",NA,NA,NA,NA,NA,"FALSE"
"Hylophilushypoxanthus",45,"Birds",NA,NA,NA,NA,NA,"FALSE"
"Hylophilusochraceiceps",10,"Birds",NA,NA,NA,NA,NA,"FALSE"
"Hylophylaxnaevius",11,"Birds",NA,NA,NA,NA,NA,"FALSE"
"Hylophylaxpunctulatus",2,"Birds",NA,NA,NA,NA,NA,"FALSE"
"Hymenaeacourbaril",27,"Trees",NA,NA,NA,NA,NA,"FALSE"
"Hymenaeaparvifolia",49,"Trees",NA,NA,NA,NA,NA,"FALSE"
"Hymenolobiumexcelsum",9,"Trees",NA,NA,NA,NA,NA,"FALSE"
"Hymenolobiumpetraeum",2,"Trees",NA,NA,NA,NA,NA,"FALSE"
"Hypocnemishypoxantha",11,"Birds",NA,NA,NA,NA,NA,"FALSE"
"Hypocnemisstriata",43,"Birds",NA,NA,NA,NA,NA,"FALSE"
"Ibycteramericanus",36,"Birds",NA,NA,NA,NA,NA,"FALSE"
"Ilexminutiflora",1,"Trees",NA,NA,NA,NA,NA,"FALSE"
"Ilexpetiolaris",3,"Trees",NA,NA,NA,NA,NA,"FALSE"
"Ingaalba",159,"Trees",NA,NA,NA,NA,NA,"FALSE"
"Ingaauristellae",53,"Trees",NA,NA,NA,NA,NA,"FALSE"
"Ingabrachystachys",42,"Trees",NA,NA,NA,NA,NA,"FALSE"
"Ingacapitata",131,"Trees",NA,NA,NA,NA,NA,"FALSE"
"Ingacayennensis",9,"Trees",NA,NA,NA,NA,NA,"FALSE"
"Ingachartacea",7,"Trees",NA,NA,NA,NA,NA,"FALSE"
"Ingacylindrica",5,"Trees",NA,NA,NA,NA,NA,"FALSE"
"Ingadisticha",1,"Trees",NA,NA,NA,NA,NA,"FALSE"
"Ingagracilifolia",59,"Trees",NA,NA,NA,NA,NA,"FALSE"
"Ingagrandiflora",1,"Trees",NA,NA,NA,NA,NA,"FALSE"
"Ingaheterophylla",42,"Trees",NA,NA,NA,NA,NA,"FALSE"
"Ingaingoides",12,"Trees",NA,NA,NA,NA,NA,"FALSE"
"Ingalateriflora",1,"Trees",NA,NA,NA,NA,NA,"FALSE"
"Ingalaurina",12,"Trees",NA,NA,NA,NA,NA,"FALSE"
"Ingalaxiflora",1,"Trees",NA,NA,NA,NA,NA,"FALSE"
"Ingamacrophylla",26,"Trees",NA,NA,NA,NA,NA,"FALSE"
"Ingamarginata",57,"Trees",NA,NA,NA,NA,NA,"FALSE"
"Ingamicrocalyx",44,"Trees",NA,NA,NA,NA,NA,"FALSE"
"Ingamorta",12,"Trees",NA,NA,NA,NA,NA,"FALSE"
"Ingaparaensis",35,"Trees",NA,NA,NA,NA,NA,"FALSE"
"Ingapeduncularis",1,"Trees",NA,NA,NA,NA,NA,"FALSE"
"Ingapilosula",24,"Trees",NA,NA,NA,NA,NA,"FALSE"
"Ingapunctata",10,"Trees",NA,NA,NA,NA,NA,"FALSE"
"Ingarubiginosa",141,"Trees",NA,NA,NA,NA,NA,"FALSE"
"Ingasp",8,"Trees",NA,NA,NA,NA,NA,"FALSE"
"Ingastipularis",59,"Trees",NA,NA,NA,NA,NA,"FALSE"
"Ingathibaudiana",144,"Trees",NA,NA,NA,NA,NA,"FALSE"
"Ingaulei",10,"Trees",NA,NA,NA,NA,NA,"FALSE"
"Ingaumbellifera",15,"Trees",NA,NA,NA,NA,NA,"FALSE"
"Iodopleuraisabellae",3,"Birds",NA,NA,NA,NA,NA,"FALSE"
"Iryantherajuruensis",23,"Trees",NA,NA,NA,NA,NA,"FALSE"
"Iryantheralancifolia",4,"Trees",NA,NA,NA,NA,NA,"FALSE"
"Iryantherasagotiana",14,"Trees",NA,NA,NA,NA,NA,"FALSE"
"Ixoralongifolia",1,"Trees",NA,NA,NA,NA,NA,"FALSE"
"Jacameropsaureus",24,"Birds",NA,NA,NA,NA,NA,"FALSE"
"Jacarandacopaia",129,"Trees",NA,NA,NA,NA,NA,"FALSE"
"Jacaratiaspinosa",39,"Trees",NA,NA,NA,NA,NA,"FALSE"
"Kutchubaeainsignis",1,"Trees",NA,NA,NA,NA,NA,"FALSE"
"Lacistemaaggregatum",38,"Trees",NA,NA,NA,NA,NA,"FALSE"
"Lacistemapolystachyum",3,"Trees",NA,NA,NA,NA,NA,"FALSE"
"Lacistemapubescens",12,"Trees",NA,NA,NA,NA,NA,"FALSE"
"Lacmelleaaculeata",45,"Trees",NA,NA,NA,NA,NA,"FALSE"
"Lacmelleaarborescens",5,"Trees",NA,NA,NA,NA,NA,"FALSE"
"Lacunariacrenata",22,"Trees",NA,NA,NA,NA,NA,"FALSE"
"Lacunariajenmanii",45,"Trees",NA,NA,NA,NA,NA,"FALSE"
"Laetiaprocera",69,"Trees",NA,NA,NA,NA,NA,"FALSE"
"Lamprospizamelanoleuca",48,"Birds",NA,NA,NA,NA,NA,"FALSE"
"Laniocerahypopyrra",8,"Birds",NA,NA,NA,NA,NA,"FALSE"
"Laniocristatus",22,"Birds",NA,NA,NA,NA,NA,"FALSE"
"Lanioluctuosus",24,"Birds",NA,NA,NA,NA,NA,"FALSE"
"Laniosurinamus",9,"Birds",NA,NA,NA,NA,NA,"FALSE"
"Lanioversicolor",5,"Birds",NA,NA,NA,NA,NA,"FALSE"
"Lecythiscorrugata",8,"Trees",NA,NA,NA,NA,NA,"FALSE"
"Lecythisholcogyne",22,"Trees",NA,NA,NA,NA,NA,"FALSE"
"Lecythisidatimon",121,"Trees",NA,NA,NA,NA,NA,"FALSE"
"Lecythislurida",99,"Trees",NA,NA,NA,NA,NA,"FALSE"
"Lecythispisonis",37,"Trees",NA,NA,NA,NA,NA,"FALSE"
"Leoniacymosa",7,"Trees",NA,NA,NA,NA,NA,"FALSE"
"Leoniaglycycarpa",2,"Trees",NA,NA,NA,NA,NA,"FALSE"
"Lepidocolaptesalbolineatus",59,"Birds",NA,NA,NA,NA,NA,"FALSE"
"Lepidothrixiris",31,"Birds",NA,NA,NA,NA,NA,"FALSE"
"Leptotilarufaxilla",49,"Birds",NA,NA,NA,NA,NA,"FALSE"
"Leucopterniskuhli",10,"Birds",NA,NA,NA,NA,NA,"FALSE"
"Licaniaapetala",9,"Trees",NA,NA,NA,NA,NA,"FALSE"
"Licaniacanescens",67,"Trees",NA,NA,NA,NA,NA,"FALSE"
"Licaniaegleri",13,"Trees",NA,NA,NA,NA,NA,"FALSE"
"Licaniaguianensis",3,"Trees",NA,NA,NA,NA,NA,"FALSE"
"Licaniaheteromorpha",102,"Trees",NA,NA,NA,NA,NA,"FALSE"
"Licaniaheterophylla",4,"Trees",NA,NA,NA,NA,NA,"FALSE"
"Licaniahirsuta",1,"Trees",NA,NA,NA,NA,NA,"FALSE"
"Licaniaimpressa",5,"Trees",NA,NA,NA,NA,NA,"FALSE"
"Licaniakunthiana",43,"Trees",NA,NA,NA,NA,NA,"FALSE"
"Licanialatifolia",3,"Trees",NA,NA,NA,NA,NA,"FALSE"
"Licanialaxiflora",5,"Trees",NA,NA,NA,NA,NA,"FALSE"
"Licanialicaniiflora",4,"Trees",NA,NA,NA,NA,NA,"FALSE"
"Licaniamembranacea",17,"Trees",NA,NA,NA,NA,NA,"FALSE"
"Licaniaoblongifolia",4,"Trees",NA,NA,NA,NA,NA,"FALSE"
"Licaniaoctandra",20,"Trees",NA,NA,NA,NA,NA,"FALSE"
"Licaniasp",2,"Trees",NA,NA,NA,NA,NA,"FALSE"
"Licariabrasiliensis",28,"Trees",NA,NA,NA,NA,NA,"FALSE"
"Licariacrassifolia",5,"Trees",NA,NA,NA,NA,NA,"FALSE"
"Licariaguianensis",13,"Trees",NA,NA,NA,NA,NA,"FALSE"
"Lindackerialatifolia",17,"Trees",NA,NA,NA,NA,NA,"FALSE"
"Lindackeriaparaensis",37,"Trees",NA,NA,NA,NA,NA,"FALSE"
"Lipaugusvociferans",101,"Birds",NA,NA,NA,NA,NA,"FALSE"
"Lophostrixcristata",4,"Birds",NA,NA,NA,NA,NA,"FALSE"
"Lophotriccusgaleatus",154,"Birds",NA,NA,NA,NA,NA,"FALSE"
"Lueheagrandiflora",19,"Trees",NA,NA,NA,NA,NA,"FALSE"
"Lueheopsisduckeana",17,"Trees",NA,NA,NA,NA,NA,"FALSE"
"Lurocalissemitorquatus",47,"Birds",NA,NA,NA,NA,NA,"FALSE"
"Mabeapiriri",22,"Trees",NA,NA,NA,NA,NA,"FALSE"
"Mabeasp",3,"Trees",NA,NA,NA,NA,NA,"FALSE"
"Mabeaspeciosa",40,"Trees",NA,NA,NA,NA,NA,"FALSE"
"Machaeriumaureiflorum",1,"Trees",NA,NA,NA,NA,NA,"FALSE"
"Machaeriuminundatum",8,"Trees",NA,NA,NA,NA,NA,"FALSE"
"Machaeriumlatifolium",59,"Trees",NA,NA,NA,NA,NA,"FALSE"
"Machaeriumquinata",48,"Trees",NA,NA,NA,NA,NA,"FALSE"
"Machaeriumsp",8,"Trees",NA,NA,NA,NA,NA,"FALSE"
"Macrolobiumbrevense",4,"Trees",NA,NA,NA,NA,NA,"FALSE"
"Macrolobiumcampestre",19,"Trees",NA,NA,NA,NA,NA,"FALSE"
"Macrolobiummicrocalyx",9,"Trees",NA,NA,NA,NA,NA,"FALSE"
"Malacoptilarufa",28,"Birds",NA,NA,NA,NA,NA,"FALSE"
"Mandevillahirsuta",12,"Trees",NA,NA,NA,NA,NA,"FALSE"
"Manilkarabidentata",46,"Trees",NA,NA,NA,NA,NA,"FALSE"
"Manilkarahuberi",78,"Trees",NA,NA,NA,NA,NA,"FALSE"
"Manilkaraparaensis",23,"Trees",NA,NA,NA,NA,NA,"FALSE"
"Mappiasp",5,"Trees",NA,NA,NA,NA,NA,"FALSE"
"Mappiasp1",8,"Trees",NA,NA,NA,NA,NA,"FALSE"
"Maprouneaguianensis",20,"Trees",NA,NA,NA,NA,NA,"FALSE"
"Maquiracoriacea",4,"Trees",NA,NA,NA,NA,NA,"FALSE"
"Maquiraguianensis",44,"Trees",NA,NA,NA,NA,NA,"FALSE"
"Maquirasclerophylla",24,"Trees",NA,NA,NA,NA,NA,"FALSE"
"Margaritarianobilis",27,"Trees",NA,NA,NA,NA,NA,"FALSE"
"Margaritopsispodocephala",2,"Trees",NA,NA,NA,NA,NA,"FALSE"
"Maripasp",1,"Trees",NA,NA,NA,NA,NA,"FALSE"
"Marliereaumbraticola",23,"Trees",NA,NA,NA,NA,NA,"FALSE"
"Mataybaguianensis",5,"Trees",NA,NA,NA,NA,NA,"FALSE"
"Mataybamacrostylis",11,"Trees",NA,NA,NA,NA,NA,"FALSE"
"Mataybapurgans",1,"Trees",NA,NA,NA,NA,NA,"FALSE"
"Mataybasp",2,"Trees",NA,NA,NA,NA,NA,"FALSE"
"Maytenusguianensis",8,"Trees",NA,NA,NA,NA,NA,"FALSE"
"Maytenusmyrsinoides",32,"Trees",NA,NA,NA,NA,NA,"FALSE"
"Megascopsusta",12,"Birds",NA,NA,NA,NA,NA,"FALSE"
"Melanerpescruentatus",37,"Birds",NA,NA,NA,NA,NA,"FALSE"
"Melicoccuspedicellaris",27,"Trees",NA,NA,NA,NA,NA,"FALSE"
"Mendonciahoffmannseggiana",12,"Trees",NA,NA,NA,NA,NA,"FALSE"
"Metrodoreaflavida",35,"Trees",NA,NA,NA,NA,NA,"FALSE"
"Meziaangelica",1,"Trees",NA,NA,NA,NA,NA,"FALSE"
"Meziamariposa",6,"Trees",NA,NA,NA,NA,NA,"FALSE"
"Mezilaurusdecurrens",4,"Trees",NA,NA,NA,NA,NA,"FALSE"
"Mezilaurusduckei",10,"Trees",NA,NA,NA,NA,NA,"FALSE"
"Mezilaurusitauba",19,"Trees",NA,NA,NA,NA,NA,"FALSE"
"Mezilaurussp",5,"Trees",NA,NA,NA,NA,NA,"FALSE"
"Miconiaaffinis",47,"Trees",NA,NA,NA,NA,NA,"FALSE"
"Miconiachrysophylla",13,"Trees",NA,NA,NA,NA,NA,"FALSE"
"Miconiaegensis",2,"Trees",NA,NA,NA,NA,NA,"FALSE"
"Miconiagratissima",5,"Trees",NA,NA,NA,NA,NA,"FALSE"
"Miconiaholosericea",1,"Trees",NA,NA,NA,NA,NA,"FALSE"
"Miconiaminutiflora",22,"Trees",NA,NA,NA,NA,NA,"FALSE"
"Miconiamirabilis",7,"Trees",NA,NA,NA,NA,NA,"FALSE"
"Miconianervosa",2,"Trees",NA,NA,NA,NA,NA,"FALSE"
"Miconiapaniculata",6,"Trees",NA,NA,NA,NA,NA,"FALSE"
"Miconiaphanerostila",5,"Trees",NA,NA,NA,NA,NA,"FALSE"
"Miconiapoeppigii",12,"Trees",NA,NA,NA,NA,NA,"FALSE"
"Miconiapunctata",8,"Trees",NA,NA,NA,NA,NA,"FALSE"
"Miconiapyrifolia",11,"Trees",NA,NA,NA,NA,NA,"FALSE"
"Miconiaruficalyx",19,"Trees",NA,NA,NA,NA,NA,"FALSE"
"Micrasturmintoni",28,"Birds",NA,NA,NA,NA,NA,"FALSE"
"Micrasturmirandollei",2,"Birds",NA,NA,NA,NA,NA,"FALSE"
"Micrasturruficollis",33,"Birds",NA,NA,NA,NA,NA,"FALSE"
"Micrastursemitorquatus",4,"Birds",NA,NA,NA,NA,NA,"FALSE"
"Microcerculusmarginatus",26,"Birds",NA,NA,NA,NA,NA,"FALSE"
"Micropholisacutangula",9,"Trees",NA,NA,NA,NA,NA,"FALSE"
"Micropholisegensis",15,"Trees",NA,NA,NA,NA,NA,"FALSE"
"Micropholisguyanensis",63,"Trees",NA,NA,NA,NA,NA,"FALSE"
"Micropholismelinoniana",17,"Trees",NA,NA,NA,NA,NA,"FALSE"
"Micropholisvenulosa",33,"Trees",NA,NA,NA,NA,NA,"FALSE"
"Microrhopiasquixensis",6,"Birds",NA,NA,NA,NA,NA,"FALSE"
"Minquartiaguianensis",39,"Trees",NA,NA,NA,NA,NA,"FALSE"
"Mionectesmacconnelli",14,"Birds",NA,NA,NA,NA,NA,"FALSE"
"Momotusmomota",77,"Birds",NA,NA,NA,NA,NA,"FALSE"
"Monasamorphoeus",68,"Birds",NA,NA,NA,NA,NA,"FALSE"
"Mortamorta",222,"Trees",NA,NA,NA,NA,NA,"FALSE"
"Mouriribrachyanthera",8,"Trees",NA,NA,NA,NA,NA,"FALSE"
"Mouriricollocarpa",13,"Trees",NA,NA,NA,NA,NA,"FALSE"
"Mouririduckeana",8,"Trees",NA,NA,NA,NA,NA,"FALSE"
"Mouririnervosa",6,"Trees",NA,NA,NA,NA,NA,"FALSE"
"Mouririnigra",5,"Trees",NA,NA,NA,NA,NA,"FALSE"
"Mouririsagotiana",5,"Trees",NA,NA,NA,NA,NA,"FALSE"
"Mouririsp",1,"Trees",NA,NA,NA,NA,NA,"FALSE"
"Moutabeaguianensis",35,"Trees",NA,NA,NA,NA,NA,"FALSE"
"Myiarchusferox",48,"Birds",NA,NA,NA,NA,NA,"FALSE"
"Myiarchustuberculifer",54,"Birds",NA,NA,NA,NA,NA,"FALSE"
"Myiobiusbarbatus",9,"Birds",NA,NA,NA,NA,NA,"FALSE"
"Myiopagiscaniceps",16,"Birds",NA,NA,NA,NA,NA,"FALSE"
"Myiopagisgaimardii",131,"Birds",NA,NA,NA,NA,NA,"FALSE"
"Myiornisecaudatus",71,"Birds",NA,NA,NA,NA,NA,"FALSE"
"Myiozetetesluteiventris",5,"Birds",NA,NA,NA,NA,NA,"FALSE"
"Myrciaatramentifera",14,"Trees",NA,NA,NA,NA,NA,"FALSE"
"Myrciabracteata",36,"Trees",NA,NA,NA,NA,NA,"FALSE"
"Myrciafenestrata",6,"Trees",NA,NA,NA,NA,NA,"FALSE"
"Myrciamultiflora",25,"Trees",NA,NA,NA,NA,NA,"FALSE"
"Myrciapaivae",1,"Trees",NA,NA,NA,NA,NA,"FALSE"
"Myrciariafloribunda",35,"Trees",NA,NA,NA,NA,NA,"FALSE"
"Myrciariatenella",21,"Trees",NA,NA,NA,NA,NA,"FALSE"
"Myrciarufipila",9,"Trees",NA,NA,NA,NA,NA,"FALSE"
"Myrciaservata",12,"Trees",NA,NA,NA,NA,NA,"FALSE"
"Myrciasp",5,"Trees",NA,NA,NA,NA,NA,"FALSE"
"Myrciasplendens",104,"Trees",NA,NA,NA,NA,NA,"FALSE"
"Myrmecizahemimelaena",56,"Birds",NA,NA,NA,NA,NA,"FALSE"
"Myrmoborusmyiotherinus",40,"Birds",NA,NA,NA,NA,NA,"FALSE"
"Myrmotheracampanisona",30,"Birds",NA,NA,NA,NA,NA,"FALSE"
"Myrmotherulaaxillaris",117,"Birds",NA,NA,NA,NA,NA,"FALSE"
"Myrmotherulabrachyura",36,"Birds",NA,NA,NA,NA,NA,"FALSE"
"Myrmotherulahauxwelli",48,"Birds",NA,NA,NA,NA,NA,"FALSE"
"Myrmotherulalongipennis",50,"Birds",NA,NA,NA,NA,NA,"FALSE"
"Myrmotherulamenetriesii",77,"Birds",NA,NA,NA,NA,NA,"FALSE"
"Myrmotherulasclateri",22,"Birds",NA,NA,NA,NA,NA,"FALSE"
"Naucleopsiscaloneura",78,"Trees",NA,NA,NA,NA,NA,"FALSE"
"Naucleopsisconcinna",4,"Trees",NA,NA,NA,NA,NA,"FALSE"
"Naucleopsisulei",4,"Trees",NA,NA,NA,NA,NA,"FALSE"
"Nectandracuspidata",57,"Trees",NA,NA,NA,NA,NA,"FALSE"
"Neeafloribunda",44,"Trees",NA,NA,NA,NA,NA,"FALSE"
"Neeamadeirana",37,"Trees",NA,NA,NA,NA,NA,"FALSE"
"Neeaoppositifolia",68,"Trees",NA,NA,NA,NA,NA,"FALSE"
"Neeaovalifolia",31,"Trees",NA,NA,NA,NA,NA,"FALSE"
"Neoptychocarpusapodanthus",47,"Trees",NA,NA,NA,NA,NA,"FALSE"
"Niedenzuellalucida",5,"Trees",NA,NA,NA,NA,NA,"FALSE"
"Niedenzuellamater-dei",16,"Trees",NA,NA,NA,NA,NA,"FALSE"
"Notharchushyperrhynchus",32,"Birds",NA,NA,NA,NA,NA,"FALSE"
"Notharchustectus",37,"Birds",NA,NA,NA,NA,NA,"FALSE"
"Nyctibiusaethereus",1,"Birds",NA,NA,NA,NA,NA,"FALSE"
"Nyctibiusleucopterus",4,"Birds",NA,NA,NA,NA,NA,"FALSE"
"Nyctiphrynusocellatus",6,"Birds",NA,NA,NA,NA,NA,"FALSE"
"Ocoteaaciphylla",61,"Trees",NA,NA,NA,NA,NA,"FALSE"
"Ocoteacanaliculata",16,"Trees",NA,NA,NA,NA,NA,"FALSE"
"Ocoteacernua",90,"Trees",NA,NA,NA,NA,NA,"FALSE"
"Ocoteacujumary",32,"Trees",NA,NA,NA,NA,NA,"FALSE"
"Ocoteafasciculata",5,"Trees",NA,NA,NA,NA,NA,"FALSE"
"Ocoteafloribunda",2,"Trees",NA,NA,NA,NA,NA,"FALSE"
"Ocoteaglomerata",33,"Trees",NA,NA,NA,NA,NA,"FALSE"
"Ocotealongifolia",60,"Trees",NA,NA,NA,NA,NA,"FALSE"
"Ocoteapauciflora",13,"Trees",NA,NA,NA,NA,NA,"FALSE"
"Ocoteapercurrens",10,"Trees",NA,NA,NA,NA,NA,"FALSE"
"Ocoteapetalanthera",19,"Trees",NA,NA,NA,NA,NA,"FALSE"
"Ocoteasp",7,"Trees",NA,NA,NA,NA,NA,"FALSE"
"Ocoteasp1",1,"Trees",NA,NA,NA,NA,NA,"FALSE"
"Ocoteatomentella",9,"Trees",NA,NA,NA,NA,NA,"FALSE"
"Odontadeniasp",1,"Trees",NA,NA,NA,NA,NA,"FALSE"
"Odontophorusgujanensis",9,"Birds",NA,NA,NA,NA,NA,"FALSE"
"Odontorchiluscinereus",7,"Birds",NA,NA,NA,NA,NA,"FALSE"
"Oenocarpusbacaba",57,"Trees",NA,NA,NA,NA,NA,"FALSE"
"Oenocarpusdistichus",48,"Trees",NA,NA,NA,NA,NA,"FALSE"
"Oenocarpusgrandiflora",1,"Trees",NA,NA,NA,NA,NA,"FALSE"
"Oenocarpusmapora",2,"Trees",NA,NA,NA,NA,NA,"FALSE"
"Omphaleadiandra",7,"Trees",NA,NA,NA,NA,NA,"FALSE"
"Onychopetalumamazonicum",12,"Trees",NA,NA,NA,NA,NA,"FALSE"
"Onychorhynchuscoronatus",18,"Birds",NA,NA,NA,NA,NA,"FALSE"
"Ormosiacoutinhoi",2,"Trees",NA,NA,NA,NA,NA,"FALSE"
"Ormosiaflava",23,"Trees",NA,NA,NA,NA,NA,"FALSE"
"Ormosiaholerythra",9,"Trees",NA,NA,NA,NA,NA,"FALSE"
"Ormosiaparaensis",36,"Trees",NA,NA,NA,NA,NA,"FALSE"
"Ornithioninerme",65,"Birds",NA,NA,NA,NA,NA,"FALSE"
"Ourateaaquatica",7,"Trees",NA,NA,NA,NA,NA,"FALSE"
"Ourateacastaneifolia",19,"Trees",NA,NA,NA,NA,NA,"FALSE"
"Ourateadiscophora",5,"Trees",NA,NA,NA,NA,NA,"FALSE"
"Ourateaparaensis",4,"Trees",NA,NA,NA,NA,NA,"FALSE"
"Oxandrakrukoffii",1,"Trees",NA,NA,NA,NA,NA,"FALSE"
"Pachypteraaromatica",20,"Trees",NA,NA,NA,NA,NA,"FALSE"
"Pachyramphusmarginatus",45,"Birds",NA,NA,NA,NA,NA,"FALSE"
"Pachyramphusminor",20,"Birds",NA,NA,NA,NA,NA,"FALSE"
"Palicoureaguianensis",13,"Trees",NA,NA,NA,NA,NA,"FALSE"
"Palicoureamacrobotrys",2,"Trees",NA,NA,NA,NA,NA,"FALSE"
"Palicoureamarcgravii",1,"Trees",NA,NA,NA,NA,NA,"FALSE"
"Palicoureatriphylla",1,"Trees",NA,NA,NA,NA,NA,"FALSE"
"Parahancorniafasciculata",13,"Trees",NA,NA,NA,NA,NA,"FALSE"
"Parinariexcelsa",9,"Trees",NA,NA,NA,NA,NA,"FALSE"
"Parinarirodolphii",9,"Trees",NA,NA,NA,NA,NA,"FALSE"
"Parkiadecussata",20,"Trees",NA,NA,NA,NA,NA,"FALSE"
"Parkiagigantocarpa",17,"Trees",NA,NA,NA,NA,NA,"FALSE"
"Parkiamultijuga",29,"Trees",NA,NA,NA,NA,NA,"FALSE"
"Parkianitida",11,"Trees",NA,NA,NA,NA,NA,"FALSE"
"Parkiapendula",28,"Trees",NA,NA,NA,NA,NA,"FALSE"
"Parkiaulei",23,"Trees",NA,NA,NA,NA,NA,"FALSE"
"Passifloracandida",6,"Trees",NA,NA,NA,NA,NA,"FALSE"
"Passiflorasp1",1,"Trees",NA,NA,NA,NA,NA,"FALSE"
"Patagioenasplumbea",61,"Birds",NA,NA,NA,NA,NA,"FALSE"
"Patagioenassubvinacea",22,"Birds",NA,NA,NA,NA,NA,"FALSE"
"Paulliniacapreolata",8,"Trees",NA,NA,NA,NA,NA,"FALSE"
"Paulliniaingifolia",11,"Trees",NA,NA,NA,NA,NA,"FALSE"
"Paulliniapinnata",15,"Trees",NA,NA,NA,NA,NA,"FALSE"
"Paulliniasp",4,"Trees",NA,NA,NA,NA,NA,"FALSE"
"Paulliniastipularis",4,"Trees",NA,NA,NA,NA,NA,"FALSE"
"Pausandramartinii",4,"Trees",NA,NA,NA,NA,NA,"FALSE"
"Pausandratrianae",13,"Trees",NA,NA,NA,NA,NA,"FALSE"
"Pauxituberosa",9,"Birds",NA,NA,NA,NA,NA,"FALSE"
"Paypayrolagrandiflora",21,"Trees",NA,NA,NA,NA,NA,"FALSE"
"Peltogynevenosa",11,"Trees",NA,NA,NA,NA,NA,"FALSE"
"Penelopejacquacu",19,"Birds",NA,NA,NA,NA,NA,"FALSE"
"Penelopepileata",9,"Birds",NA,NA,NA,NA,NA,"FALSE"
"Perebeaguianensis",1,"Trees",NA,NA,NA,NA,NA,"FALSE"
"Perebeamollis",31,"Trees",NA,NA,NA,NA,NA,"FALSE"
"Periporphyruserythromelas",9,"Birds",NA,NA,NA,NA,NA,"FALSE"
"Peritassalaevigata",10,"Trees",NA,NA,NA,NA,NA,"FALSE"
"Phaethornisaethopyga",15,"Birds",NA,NA,NA,NA,NA,"FALSE"
"Phaethornisbourcieri",5,"Birds",NA,NA,NA,NA,NA,"FALSE"
"Phaethornisruber",146,"Birds",NA,NA,NA,NA,NA,"FALSE"
"Phaethornissuperciliosus",85,"Birds",NA,NA,NA,NA,NA,"FALSE"
"Phaethornisunknown",49,"Birds",NA,NA,NA,NA,NA,"FALSE"
"Phaneracoronata",7,"Trees",NA,NA,NA,NA,NA,"FALSE"
"Phaneracupreonitens",29,"Trees",NA,NA,NA,NA,NA,"FALSE"
"Phanerakunthiana",3,"Trees",NA,NA,NA,NA,NA,"FALSE"
"Phanerarutilans",35,"Trees",NA,NA,NA,NA,NA,"FALSE"
"Phanerasiqueiraei",13,"Trees",NA,NA,NA,NA,NA,"FALSE"
"Phanerasplendens",28,"Trees",NA,NA,NA,NA,NA,"FALSE"
"Pheugopediuscoraya",86,"Birds",NA,NA,NA,NA,NA,"FALSE"
"Pheugopediusgenibarbis",103,"Birds",NA,NA,NA,NA,NA,"FALSE"
"Philydorerythrocercum",26,"Birds",NA,NA,NA,NA,NA,"FALSE"
"Philydorerythropterum",9,"Birds",NA,NA,NA,NA,NA,"FALSE"
"Philydorruficaudatum",14,"Birds",NA,NA,NA,NA,NA,"FALSE"
"Phlegopsisnigromaculata",34,"Birds",NA,NA,NA,NA,NA,"FALSE"
"Phoenicircuscarnifex",11,"Birds",NA,NA,NA,NA,NA,"FALSE"
"Phylloscartesvirescens",5,"Birds",NA,NA,NA,NA,NA,"FALSE"
"Piayacayana",89,"Birds",NA,NA,NA,NA,NA,"FALSE"
"Piayamelanogaster",8,"Birds",NA,NA,NA,NA,NA,"FALSE"
"Picramniajuniniana",4,"Trees",NA,NA,NA,NA,NA,"FALSE"
"Piculuschrysochloros",7,"Birds",NA,NA,NA,NA,NA,"FALSE"
"Piculusflavigula",28,"Birds",NA,NA,NA,NA,NA,"FALSE"
"Pionitesleucogaster",21,"Birds",NA,NA,NA,NA,NA,"FALSE"
"Pionusfuscus",54,"Birds",NA,NA,NA,NA,NA,"FALSE"
"Pionusmenstruus",126,"Birds",NA,NA,NA,NA,NA,"FALSE"
"Piprarubrocapilla",99,"Birds",NA,NA,NA,NA,NA,"FALSE"
"Pipriteschloris",29,"Birds",NA,NA,NA,NA,NA,"FALSE"
"Piptadeniauaupensis",14,"Trees",NA,NA,NA,NA,NA,"FALSE"
"Platymisciumtrinitatis",17,"Trees",NA,NA,NA,NA,NA,"FALSE"
"Platyrinchusplatyrhynchos",23,"Birds",NA,NA,NA,NA,NA,"FALSE"
"Platyrinchussaturatus",7,"Birds",NA,NA,NA,NA,NA,"FALSE"
"Pleonotomajasminifolia",10,"Trees",NA,NA,NA,NA,NA,"FALSE"
"Pogonophoraschomburgkiana",18,"Trees",NA,NA,NA,NA,NA,"FALSE"
"Polioptilaparaensis",7,"Birds",NA,NA,NA,NA,NA,"FALSE"
"Porocystistoulicioides",7,"Trees",NA,NA,NA,NA,NA,"FALSE"
"Posoquerialatifolia",8,"Trees",NA,NA,NA,NA,NA,"FALSE"
"Posoquerialongiflora",4,"Trees",NA,NA,NA,NA,NA,"FALSE"
"Pouroumabicolor",2,"Trees",NA,NA,NA,NA,NA,"FALSE"
"Pouroumaguianensis",76,"Trees",NA,NA,NA,NA,NA,"FALSE"
"Pouroumamollis",4,"Trees",NA,NA,NA,NA,NA,"FALSE"
"Pouroumavillosa",6,"Trees",NA,NA,NA,NA,NA,"FALSE"
"Pouteriaanomala",57,"Trees",NA,NA,NA,NA,NA,"FALSE"
"Pouteriabangii",16,"Trees",NA,NA,NA,NA,NA,"FALSE"
"Pouteriabilocularis",6,"Trees",NA,NA,NA,NA,NA,"FALSE"
"Pouteriacaimito",89,"Trees",NA,NA,NA,NA,NA,"FALSE"
"Pouteriacampanulata",5,"Trees",NA,NA,NA,NA,NA,"FALSE"
"Pouteriacladantha",75,"Trees",NA,NA,NA,NA,NA,"FALSE"
"Pouteriacoriacea",35,"Trees",NA,NA,NA,NA,NA,"FALSE"
"Pouteriacrassiflora",5,"Trees",NA,NA,NA,NA,NA,"FALSE"
"Pouteriacuspidata",11,"Trees",NA,NA,NA,NA,NA,"FALSE"
"Pouteriadecorticans",84,"Trees",NA,NA,NA,NA,NA,"FALSE"
"Pouteriaengleri",20,"Trees",NA,NA,NA,NA,NA,"FALSE"
"Pouteriaerythrochrysa",8,"Trees",NA,NA,NA,NA,NA,"FALSE"
"Pouteriaeugeniifolia",9,"Trees",NA,NA,NA,NA,NA,"FALSE"
"Pouteriafilipes",39,"Trees",NA,NA,NA,NA,NA,"FALSE"
"Pouteriafimbriata",5,"Trees",NA,NA,NA,NA,NA,"FALSE"
"Pouteriagongrijpii",62,"Trees",NA,NA,NA,NA,NA,"FALSE"
"Pouteriaguianensis",98,"Trees",NA,NA,NA,NA,NA,"FALSE"
"Pouteriaheterosepala",11,"Trees",NA,NA,NA,NA,NA,"FALSE"
"Pouteriahispida",11,"Trees",NA,NA,NA,NA,NA,"FALSE"
"Pouteriajariensis",40,"Trees",NA,NA,NA,NA,NA,"FALSE"
"Pouteriakrukovii",24,"Trees",NA,NA,NA,NA,NA,"FALSE"
"Pouteriamacrocarpa",19,"Trees",NA,NA,NA,NA,NA,"FALSE"
"Pouteriamacrophylla",122,"Trees",NA,NA,NA,NA,NA,"FALSE"
"Pouteriamaguirei",1,"Trees",NA,NA,NA,NA,NA,"FALSE"
"Pouteriamanaosensis",7,"Trees",NA,NA,NA,NA,NA,"FALSE"
"Pouteriaoblanceolata",6,"Trees",NA,NA,NA,NA,NA,"FALSE"
"Pouteriaopposita",2,"Trees",NA,NA,NA,NA,NA,"FALSE"
"Pouteriaoppositifolia",26,"Trees",NA,NA,NA,NA,NA,"FALSE"
"Pouteriapariry",2,"Trees",NA,NA,NA,NA,NA,"FALSE"
"Pouteriapeduncularis",1,"Trees",NA,NA,NA,NA,NA,"FALSE"
"Pouteriaperuviensis",7,"Trees",NA,NA,NA,NA,NA,"FALSE"
"Pouteriapetiolata",6,"Trees",NA,NA,NA,NA,NA,"FALSE"
"Pouteriaprieurii",7,"Trees",NA,NA,NA,NA,NA,"FALSE"
"Pouteriaprocera",7,"Trees",NA,NA,NA,NA,NA,"FALSE"
"Pouteriareticulata",42,"Trees",NA,NA,NA,NA,NA,"FALSE"
"Pouteriaretinervis",3,"Trees",NA,NA,NA,NA,NA,"FALSE"
"Pouteriarostrata",1,"Trees",NA,NA,NA,NA,NA,"FALSE"
"Pouteriasp",21,"Trees",NA,NA,NA,NA,NA,"FALSE"
"Pouteriasp1",1,"Trees",NA,NA,NA,NA,NA,"FALSE"
"Pouteriaspeciosa",4,"Trees",NA,NA,NA,NA,NA,"FALSE"
"Pouteriatrilocularis",2,"Trees",NA,NA,NA,NA,NA,"FALSE"
"Pouteriavenosa",30,"Trees",NA,NA,NA,NA,NA,"FALSE"
"Pouteriavernicosa",2,"Trees",NA,NA,NA,NA,NA,"FALSE"
"Pradosiabrevipes",2,"Trees",NA,NA,NA,NA,NA,"FALSE"
"Pradosiasurinamensis",1,"Trees",NA,NA,NA,NA,NA,"FALSE"
"Prionostemmaaspera",28,"Trees",NA,NA,NA,NA,NA,"FALSE"
"Prognechalybea",143,"Birds",NA,NA,NA,NA,NA,"FALSE"
"Protiumaltsonii",26,"Trees",NA,NA,NA,NA,NA,"FALSE"
"Protiumamazonicum",1,"Trees",NA,NA,NA,NA,NA,"FALSE"
"Protiumapiculatum",44,"Trees",NA,NA,NA,NA,NA,"FALSE"
"Protiumcrenatum",11,"Trees",NA,NA,NA,NA,NA,"FALSE"
"Protiumdecandrum",91,"Trees",NA,NA,NA,NA,NA,"FALSE"
"Protiumgiganteum",11,"Trees",NA,NA,NA,NA,NA,"FALSE"
"Protiumhebetatum",10,"Trees",NA,NA,NA,NA,NA,"FALSE"
"Protiumheptaphyllum",7,"Trees",NA,NA,NA,NA,NA,"FALSE"
"Protiumopacum",7,"Trees",NA,NA,NA,NA,NA,"FALSE"
"Protiumpallidum",63,"Trees",NA,NA,NA,NA,NA,"FALSE"
"Protiumpilosum",17,"Trees",NA,NA,NA,NA,NA,"FALSE"
"Protiumpolybotryum",14,"Trees",NA,NA,NA,NA,NA,"FALSE"
"protiumrobustum",1,"Trees",NA,NA,NA,NA,NA,"FALSE"
"Protiumrobustum",71,"Trees",NA,NA,NA,NA,NA,"FALSE"
"Protiumsagotianum",53,"Trees",NA,NA,NA,NA,NA,"FALSE"
"Protiumspruceanum",7,"Trees",NA,NA,NA,NA,NA,"FALSE"
"Protiumsubserratum",1,"Trees",NA,NA,NA,NA,NA,"FALSE"
"Protiumtenuifolium",54,"Trees",NA,NA,NA,NA,NA,"FALSE"
"Protiumtrifoliolatum",57,"Trees",NA,NA,NA,NA,NA,"FALSE"
"Protiumunifoliolatum",10,"Trees",NA,NA,NA,NA,NA,"FALSE"
"Prunusmyrtifolia",9,"Trees",NA,NA,NA,NA,NA,"FALSE"
"Psarocoliusbifasciatus",17,"Birds",NA,NA,NA,NA,NA,"FALSE"
"Psarocoliusviridis",36,"Birds",NA,NA,NA,NA,NA,"FALSE"
"Pseudanamomisumbellulifera",4,"Trees",NA,NA,NA,NA,NA,"FALSE"
"Pseudasturalbicollis",1,"Birds",NA,NA,NA,NA,NA,"FALSE"
"Pseudimafrutescens",40,"Trees",NA,NA,NA,NA,NA,"FALSE"
"Pseudoconnarusmacrophyllus",5,"Trees",NA,NA,NA,NA,NA,"FALSE"
"Pseudolmedialaevigata",11,"Trees",NA,NA,NA,NA,NA,"FALSE"
"Pseudolmedialaevis",12,"Trees",NA,NA,NA,NA,NA,"FALSE"
"Pseudolmediamacrophylla",9,"Trees",NA,NA,NA,NA,NA,"FALSE"
"Pseudopiptadeniapsilostachya",48,"Trees",NA,NA,NA,NA,NA,"FALSE"
"Pseudopiptadeniasp",2,"Trees",NA,NA,NA,NA,NA,"FALSE"
"Pseudopiptadeniasuaveolens",76,"Trees",NA,NA,NA,NA,NA,"FALSE"
"Pseudoxandracuspidata",3,"Trees",NA,NA,NA,NA,NA,"FALSE"
"Pseudoxandraduckei",4,"Trees",NA,NA,NA,NA,NA,"FALSE"
"Psophiadextralis",2,"Birds",NA,NA,NA,NA,NA,"FALSE"
"Psophiaobscura",1,"Birds",NA,NA,NA,NA,NA,"FALSE"
"Psychotriaappendiculata",1,"Trees",NA,NA,NA,NA,NA,"FALSE"
"Psychotriacontracta",1,"Trees",NA,NA,NA,NA,NA,"FALSE"
"Psychotriapaniculata",5,"Trees",NA,NA,NA,NA,NA,"FALSE"
"Psychotriasp",1,"Trees",NA,NA,NA,NA,NA,"FALSE"
"Psychotriastipulosa",1,"Trees",NA,NA,NA,NA,NA,"FALSE"
"Pterocarpusrohrii",34,"Trees",NA,NA,NA,NA,NA,"FALSE"
"Pteroglossusaracari",85,"Birds",NA,NA,NA,NA,NA,"FALSE"
"Pteroglossusbitorquatus",27,"Birds",NA,NA,NA,NA,NA,"FALSE"
"Ptychopetalumuncinatum",5,"Trees",NA,NA,NA,NA,NA,"FALSE"
"Pygiptilastellaris",30,"Birds",NA,NA,NA,NA,NA,"FALSE"
"Pyriglenaleuconota",89,"Birds",NA,NA,NA,NA,NA,"FALSE"
"Pyriliavulturina",8,"Birds",NA,NA,NA,NA,NA,"FALSE"
"Pyrrhuraamazonum",16,"Birds",NA,NA,NA,NA,NA,"FALSE"
"Pyrrhuralepida",21,"Birds",NA,NA,NA,NA,NA,"FALSE"
"Qualeadinizii",3,"Trees",NA,NA,NA,NA,NA,"FALSE"
"Qualeaparaensis",4,"Trees",NA,NA,NA,NA,NA,"FALSE"
"Quararibeaguianensis",41,"Trees",NA,NA,NA,NA,NA,"FALSE"
"Querulapurpurata",55,"Birds",NA,NA,NA,NA,NA,"FALSE"
"Quiinaamazonica",13,"Trees",NA,NA,NA,NA,NA,"FALSE"
"Quiinaparaensis",25,"Trees",NA,NA,NA,NA,NA,"FALSE"
"Ramphastostucanus",97,"Birds",NA,NA,NA,NA,NA,"FALSE"
"Ramphastosvitellinus",90,"Birds",NA,NA,NA,NA,NA,"FALSE"
"Ramphocaenusmelanurus",103,"Birds",NA,NA,NA,NA,NA,"FALSE"
"Ramphoceluscarbo",175,"Birds",NA,NA,NA,NA,NA,"FALSE"
"Ramphotrigonruficauda",14,"Birds",NA,NA,NA,NA,NA,"FALSE"
"Randiaarmata",8,"Trees",NA,NA,NA,NA,NA,"FALSE"
"Rhabdodendronamazonicum",13,"Trees",NA,NA,NA,NA,NA,"FALSE"
"Rhegmatorhinagymnops",5,"Birds",NA,NA,NA,NA,NA,"FALSE"
"Rhynchosiaphaseoloides",2,"Trees",NA,NA,NA,NA,NA,"FALSE"
"Rhytipternasimplex",86,"Birds",NA,NA,NA,NA,NA,"FALSE"
"Rinoreaflavescens",13,"Trees",NA,NA,NA,NA,NA,"FALSE"
"Rinoreaguianensis",101,"Trees",NA,NA,NA,NA,NA,"FALSE"
"Rinoreaneglecta",68,"Trees",NA,NA,NA,NA,NA,"FALSE"
"Rinorearacemosa",53,"Trees",NA,NA,NA,NA,NA,"FALSE"
"Rinoreariana",71,"Trees",NA,NA,NA,NA,NA,"FALSE"
"Rinoreasp",3,"Trees",NA,NA,NA,NA,NA,"FALSE"
"Rinoreocarpusulei",10,"Trees",NA,NA,NA,NA,NA,"FALSE"
"Roucheriapunctata",4,"Trees",NA,NA,NA,NA,NA,"FALSE"
"Roureacnestidifolia",2,"Trees",NA,NA,NA,NA,NA,"FALSE"
"Rourealigulata",18,"Trees",NA,NA,NA,NA,NA,"FALSE"
"Rudgealanceifolia",2,"Trees",NA,NA,NA,NA,NA,"FALSE"
"Ryaniaspeciosa",3,"Trees",NA,NA,NA,NA,NA,"FALSE"
"Sacoglottisguianensis",31,"Trees",NA,NA,NA,NA,NA,"FALSE"
"Sagotiabrachysepala",5,"Trees",NA,NA,NA,NA,NA,"FALSE"
"Sagotiaguianensis",2,"Trees",NA,NA,NA,NA,NA,"FALSE"
"Sagotiaracemosa",99,"Trees",NA,NA,NA,NA,NA,"FALSE"
"Salaciacordata",1,"Trees",NA,NA,NA,NA,NA,"FALSE"
"Salaciaimpressifolia",6,"Trees",NA,NA,NA,NA,NA,"FALSE"
"Salaciavolubilis",2,"Trees",NA,NA,NA,NA,NA,"FALSE"
"Saltatorgrossus",70,"Birds",NA,NA,NA,NA,NA,"FALSE"
"Saltatormaximus",91,"Birds",NA,NA,NA,NA,NA,"FALSE"
"Sapindussaponaria",4,"Trees",NA,NA,NA,NA,NA,"FALSE"
"Sapiumglandulosum",58,"Trees",NA,NA,NA,NA,NA,"FALSE"
"Sapiummarmieri",13,"Trees",NA,NA,NA,NA,NA,"FALSE"
"Sarcaulusbrasiliensis",13,"Trees",NA,NA,NA,NA,NA,"FALSE"
"Scheffleramorototoni",78,"Trees",NA,NA,NA,NA,NA,"FALSE"
"Schiffornisturdina",26,"Birds",NA,NA,NA,NA,NA,"FALSE"
"Schizolobiumparahyba",12,"Trees",NA,NA,NA,NA,NA,"FALSE"
"Scleruruscaudacutus",12,"Birds",NA,NA,NA,NA,NA,"FALSE"
"Sclerurusmexicanus",3,"Birds",NA,NA,NA,NA,NA,"FALSE"
"Sclerurusrufigularis",5,"Birds",NA,NA,NA,NA,NA,"FALSE"
"Selenideragouldii",32,"Birds",NA,NA,NA,NA,NA,"FALSE"
"Senegaliaalemquerensis",10,"Trees",NA,NA,NA,NA,NA,"FALSE"
"Senegaliamultipinnata",67,"Trees",NA,NA,NA,NA,NA,"FALSE"
"Serjaniaobtusidentata",10,"Trees",NA,NA,NA,NA,NA,"FALSE"
"Serjaniapaucidentata",54,"Trees",NA,NA,NA,NA,NA,"FALSE"
"Serjaniatenuifolia",18,"Trees",NA,NA,NA,NA,NA,"FALSE"
"Sextoniarubra",8,"Trees",NA,NA,NA,NA,NA,"FALSE"
"Simabacedron",74,"Trees",NA,NA,NA,NA,NA,"FALSE"
"Simabaguianensis",9,"Trees",NA,NA,NA,NA,NA,"FALSE"
"Simabamacrophylla",1,"Trees",NA,NA,NA,NA,NA,"FALSE"
"Simabapolyphylla",13,"Trees",NA,NA,NA,NA,NA,"FALSE"
"Simaroubaamara",49,"Trees",NA,NA,NA,NA,NA,"FALSE"
"Siparunacuspidata",30,"Trees",NA,NA,NA,NA,NA,"FALSE"
"Siparunadecipiens",44,"Trees",NA,NA,NA,NA,NA,"FALSE"
"Siparunaglycycarpa",10,"Trees",NA,NA,NA,NA,NA,"FALSE"
"Siparunaguianensis",116,"Trees",NA,NA,NA,NA,NA,"FALSE"
"Siparunapoeppigii",11,"Trees",NA,NA,NA,NA,NA,"FALSE"
"Sittasomusgriseicapillus",15,"Birds",NA,NA,NA,NA,NA,"FALSE"
"Sloaneaeichleri",4,"Trees",NA,NA,NA,NA,NA,"FALSE"
"Sloaneagarckeana",15,"Trees",NA,NA,NA,NA,NA,"FALSE"
"Sloaneagrandiflora",55,"Trees",NA,NA,NA,NA,NA,"FALSE"
"Sloaneaguianensis",37,"Trees",NA,NA,NA,NA,NA,"FALSE"
"Sloaneaobtusa",1,"Trees",NA,NA,NA,NA,NA,"FALSE"
"Sloaneaparviflora",2,"Trees",NA,NA,NA,NA,NA,"FALSE"
"Sloaneaporphyrocarpa",4,"Trees",NA,NA,NA,NA,NA,"FALSE"
"Sloaneapubescens",2,"Trees",NA,NA,NA,NA,NA,"FALSE"
"Sloanearufa",5,"Trees",NA,NA,NA,NA,NA,"FALSE"
"Sloaneasinemariensis",1,"Trees",NA,NA,NA,NA,NA,"FALSE"
"Solanumasperum",7,"Trees",NA,NA,NA,NA,NA,"FALSE"
"Solanumleucocarpon",4,"Trees",NA,NA,NA,NA,NA,"FALSE"
"Solanumschlechtendalianum",47,"Trees",NA,NA,NA,NA,NA,"FALSE"
"Soroceasp",1,"Trees",NA,NA,NA,NA,NA,"FALSE"
"Sp111sp",1,"Trees",NA,NA,NA,NA,NA,"FALSE"
"Sp11sp",3,"Trees",NA,NA,NA,NA,NA,"FALSE"
"Sp13sp",6,"Trees",NA,NA,NA,NA,NA,"FALSE"
"Sp15sp",2,"Trees",NA,NA,NA,NA,NA,"FALSE"
"Sp1sp",32,"Trees",NA,NA,NA,NA,NA,"FALSE"
"Sp1Sp1",1,"Trees",NA,NA,NA,NA,NA,"FALSE"
"Sp21sp",6,"Trees",NA,NA,NA,NA,NA,"FALSE"
"Sp26sp",1,"Trees",NA,NA,NA,NA,NA,"FALSE"
"Sp2sp",107,"Trees",NA,NA,NA,NA,NA,"FALSE"
"Sparattantheliumtupiniquinorum",23,"Trees",NA,NA,NA,NA,NA,"FALSE"
"Spirantheraguianensis",7,"Trees",NA,NA,NA,NA,NA,"FALSE"
"Sterculiaexcelsa",14,"Trees",NA,NA,NA,NA,NA,"FALSE"
"Sterculiapruriens",111,"Trees",NA,NA,NA,NA,NA,"FALSE"
"Stigmaphyllonsinuatum",22,"Trees",NA,NA,NA,NA,NA,"FALSE"
"Stizophyllumriparium",8,"Trees",NA,NA,NA,NA,NA,"FALSE"
"Strixhuhula",3,"Birds",NA,NA,NA,NA,NA,"FALSE"
"Strixvirgata",1,"Birds",NA,NA,NA,NA,NA,"FALSE"
"Strychnoscogens",1,"Trees",NA,NA,NA,NA,NA,"FALSE"
"Strychnosguianensis",2,"Trees",NA,NA,NA,NA,NA,"FALSE"
"Strychnosjobertiana",5,"Trees",NA,NA,NA,NA,NA,"FALSE"
"Stryphnodendronguianense",22,"Trees",NA,NA,NA,NA,NA,"FALSE"
"Stryphnodendronpaniculatum",67,"Trees",NA,NA,NA,NA,NA,"FALSE"
"Stryphnodendronpolystachyum",20,"Trees",NA,NA,NA,NA,NA,"FALSE"
"Stryphnodendronpulcherrimum",77,"Trees",NA,NA,NA,NA,NA,"FALSE"
"Stryphnodendronrotundifolium",19,"Trees",NA,NA,NA,NA,NA,"FALSE"
"Swartziaarborescens",27,"Trees",NA,NA,NA,NA,NA,"FALSE"
"Swartziabrachyrachis",16,"Trees",NA,NA,NA,NA,NA,"FALSE"
"Swartziaflaemingii",7,"Trees",NA,NA,NA,NA,NA,"FALSE"
"Swartzialaurifolia",71,"Trees",NA,NA,NA,NA,NA,"FALSE"
"Swartzialaxiflora",11,"Trees",NA,NA,NA,NA,NA,"FALSE"
"Swartziapolyphylla",4,"Trees",NA,NA,NA,NA,NA,"FALSE"
"Swartziarecurva",14,"Trees",NA,NA,NA,NA,NA,"FALSE"
"Syagruscocoides",22,"Trees",NA,NA,NA,NA,NA,"FALSE"
"Symphoniaglobulifera",31,"Trees",NA,NA,NA,NA,NA,"FALSE"
"Symplocosmartinicensis",1,"Trees",NA,NA,NA,NA,NA,"FALSE"
"Systemonodaphnegeminiflora",2,"Trees",NA,NA,NA,NA,NA,"FALSE"
"Tabernaemontanaangulata",27,"Trees",NA,NA,NA,NA,NA,"FALSE"
"Tabernaemontanasp",4,"Trees",NA,NA,NA,NA,NA,"FALSE"
"Tabernaemontanaundulata",9,"Trees",NA,NA,NA,NA,NA,"FALSE"
"Tachigalialba",19,"Trees",NA,NA,NA,NA,NA,"FALSE"
"Tachigalichrysophylla",67,"Trees",NA,NA,NA,NA,NA,"FALSE"
"Tachigaliglauca",113,"Trees",NA,NA,NA,NA,NA,"FALSE"
"Tachigalipaniculata",33,"Trees",NA,NA,NA,NA,NA,"FALSE"
"Tachigaliparaensis",31,"Trees",NA,NA,NA,NA,NA,"FALSE"
"Tachigalivulgaris",12,"Trees",NA,NA,NA,NA,NA,"FALSE"
"Taeniotriccusandrei",13,"Birds",NA,NA,NA,NA,NA,"FALSE"
"Talisiaangustifolia",11,"Trees",NA,NA,NA,NA,NA,"FALSE"
"Talisiacarinata",38,"Trees",NA,NA,NA,NA,NA,"FALSE"
"Talisiacerasina",5,"Trees",NA,NA,NA,NA,NA,"FALSE"
"Talisiaguianensis",3,"Trees",NA,NA,NA,NA,NA,"FALSE"
"Talisialongifolia",63,"Trees",NA,NA,NA,NA,NA,"FALSE"
"Talisiamacrophylla",79,"Trees",NA,NA,NA,NA,NA,"FALSE"
"Talisiamicrophylla",15,"Trees",NA,NA,NA,NA,NA,"FALSE"
"Talisiamollis",35,"Trees",NA,NA,NA,NA,NA,"FALSE"
"Talisiaretusa",25,"Trees",NA,NA,NA,NA,NA,"FALSE"
"Tanaeciumbilabiatum",1,"Trees",NA,NA,NA,NA,NA,"FALSE"
"Tanaeciumpyramidatum",2,"Trees",NA,NA,NA,NA,NA,"FALSE"
"Tangaragyrola",20,"Birds",NA,NA,NA,NA,NA,"FALSE"
"Tangarapalmarum",85,"Birds",NA,NA,NA,NA,NA,"FALSE"
"Tangarapunctata",20,"Birds",NA,NA,NA,NA,NA,"FALSE"
"Tangaravaria",4,"Birds",NA,NA,NA,NA,NA,"FALSE"
"Tangaravelia",10,"Birds",NA,NA,NA,NA,NA,"FALSE"
"Tapiriraguianensis",120,"Trees",NA,NA,NA,NA,NA,"FALSE"
"Tapiriraobtusa",5,"Trees",NA,NA,NA,NA,NA,"FALSE"
"Tapuraamazonica",6,"Trees",NA,NA,NA,NA,NA,"FALSE"
"Tapurasingularis",3,"Trees",NA,NA,NA,NA,NA,"FALSE"
"Telitoxicumglaziovii",28,"Trees",NA,NA,NA,NA,NA,"FALSE"
"Terenotriccuserythrurus",38,"Birds",NA,NA,NA,NA,NA,"FALSE"
"Terminaliaargentea",13,"Trees",NA,NA,NA,NA,NA,"FALSE"
"Terminaliatetraphylla",2,"Trees",NA,NA,NA,NA,NA,"FALSE"
"Tetracerawilldenowiana",26,"Trees",NA,NA,NA,NA,NA,"FALSE"
"Tetragastrisaltissima",78,"Trees",NA,NA,NA,NA,NA,"FALSE"
"Tetragastrispanamensis",33,"Trees",NA,NA,NA,NA,NA,"FALSE"
"Tetrapterysmacrostachya",3,"Trees",NA,NA,NA,NA,NA,"FALSE"
"Thaluraniafurcata",25,"Birds",NA,NA,NA,NA,NA,"FALSE"
"Thamnomanescaesius",118,"Birds",NA,NA,NA,NA,NA,"FALSE"
"Thamnophilusaethiops",97,"Birds",NA,NA,NA,NA,NA,"FALSE"
"Thamnophilusamazonicus",75,"Birds",NA,NA,NA,NA,NA,"FALSE"
"Thamnophilusschistaceus",82,"Birds",NA,NA,NA,NA,NA,"FALSE"
"Theobromaspeciosum",90,"Trees",NA,NA,NA,NA,NA,"FALSE"
"Theobromasubincanum",17,"Trees",NA,NA,NA,NA,NA,"FALSE"
"Thyrsodiumspruceanum",81,"Trees",NA,NA,NA,NA,NA,"FALSE"
"Tinamusguttatus",14,"Birds",NA,NA,NA,NA,NA,"FALSE"
"Tinamustao",8,"Birds",NA,NA,NA,NA,NA,"FALSE"
"Tityracayana",29,"Birds",NA,NA,NA,NA,NA,"FALSE"
"Tolmomyiasassimilis",48,"Birds",NA,NA,NA,NA,NA,"FALSE"
"Tolmomyiaspoliocephalus",67,"Birds",NA,NA,NA,NA,NA,"FALSE"
"Tomovitaschomburgkii",1,"Trees",NA,NA,NA,NA,NA,"FALSE"
"Touliciaguianensis",23,"Trees",NA,NA,NA,NA,NA,"FALSE"
"Tourouliaguianensis",6,"Trees",NA,NA,NA,NA,NA,"FALSE"
"Tovomitaacutiflora",1,"Trees",NA,NA,NA,NA,NA,"FALSE"
"Tovomitasp",2,"Trees",NA,NA,NA,NA,NA,"FALSE"
"Tovomitaumbellata",5,"Trees",NA,NA,NA,NA,NA,"FALSE"
"Trattinnickiaburserifolia",65,"Trees",NA,NA,NA,NA,NA,"FALSE"
"Trattinnickiarhoifolia",48,"Trees",NA,NA,NA,NA,NA,"FALSE"
"Trichilialecointei",18,"Trees",NA,NA,NA,NA,NA,"FALSE"
"Trichiliamicrantha",65,"Trees",NA,NA,NA,NA,NA,"FALSE"
"Trichiliaquadrijuga",9,"Trees",NA,NA,NA,NA,NA,"FALSE"
"Trichiliarubra",12,"Trees",NA,NA,NA,NA,NA,"FALSE"
"Trichiliaschomburgkii",14,"Trees",NA,NA,NA,NA,NA,"FALSE"
"Trichiliaseptentrionalis",7,"Trees",NA,NA,NA,NA,NA,"FALSE"
"Trogonmelanurus",50,"Birds",NA,NA,NA,NA,NA,"FALSE"
"Trogonrufus",39,"Birds",NA,NA,NA,NA,NA,"FALSE"
"Trogonviolaceus",48,"Birds",NA,NA,NA,NA,NA,"FALSE"
"Trogonviridis",100,"Birds",NA,NA,NA,NA,NA,"FALSE"
"Trymatococcusamazonicus",13,"Trees",NA,NA,NA,NA,NA,"FALSE"
"Turdusalbicollis",3,"Birds",NA,NA,NA,NA,NA,"FALSE"
"Turdusfumigatus",4,"Birds",NA,NA,NA,NA,NA,"FALSE"
"Tyranneutesstolzmanni",99,"Birds",NA,NA,NA,NA,NA,"FALSE"
"Tyrannuluselatus",73,"Birds",NA,NA,NA,NA,NA,"FALSE"
"Unonopsisguatterioides",26,"Trees",NA,NA,NA,NA,NA,"FALSE"
"Unonopsissp",1,"Trees",NA,NA,NA,NA,NA,"FALSE"
"Vantaneaguianensis",12,"Trees",NA,NA,NA,NA,NA,"FALSE"
"Vantaneaparviflora",24,"Trees",NA,NA,NA,NA,NA,"FALSE"
"Vataireaerythrocarpa",12,"Trees",NA,NA,NA,NA,NA,"FALSE"
"Vataireaguianensis",6,"Trees",NA,NA,NA,NA,NA,"FALSE"
"Vataireaparaensis",18,"Trees",NA,NA,NA,NA,NA,"FALSE"
"Veniliornisaffinis",42,"Birds",NA,NA,NA,NA,NA,"FALSE"
"Vireolaniusleucotis",40,"Birds",NA,NA,NA,NA,NA,"FALSE"
"Virolacaducifolia",4,"Trees",NA,NA,NA,NA,NA,"FALSE"
"Virolacalophylla",15,"Trees",NA,NA,NA,NA,NA,"FALSE"
"Virolacrebrinervia",8,"Trees",NA,NA,NA,NA,NA,"FALSE"
"Virolaelongata",17,"Trees",NA,NA,NA,NA,NA,"FALSE"
"Virolaloretensis",5,"Trees",NA,NA,NA,NA,NA,"FALSE"
"Virolamichelii",105,"Trees",NA,NA,NA,NA,NA,"FALSE"
"Virolasebifera",12,"Trees",NA,NA,NA,NA,NA,"FALSE"
"Virolasp",8,"Trees",NA,NA,NA,NA,NA,"FALSE"
"Vismiabaccifera",23,"Trees",NA,NA,NA,NA,NA,"FALSE"
"Vismiabemerguii",2,"Trees",NA,NA,NA,NA,NA,"FALSE"
"Vismiacayennensis",44,"Trees",NA,NA,NA,NA,NA,"FALSE"
"Vismiaguianensis",100,"Trees",NA,NA,NA,NA,NA,"FALSE"
"Vismialatifolia",26,"Trees",NA,NA,NA,NA,NA,"FALSE"
"Vismiasessilifolia",12,"Trees",NA,NA,NA,NA,NA,"FALSE"
"Vitextriflora",37,"Trees",NA,NA,NA,NA,NA,"FALSE"
"Vochysiaguianensis",2,"Trees",NA,NA,NA,NA,NA,"FALSE"
"Vochysiamaxima",14,"Trees",NA,NA,NA,NA,NA,"FALSE"
"Vochysiavismiifolia",3,"Trees",NA,NA,NA,NA,NA,"FALSE"
"Willisornispoecilinotus",62,"Birds",NA,NA,NA,NA,NA,"FALSE"
"Xenopsminutus",80,"Birds",NA,NA,NA,NA,NA,"FALSE"
"Xiphocolaptespromeropirhynchus",13,"Birds",NA,NA,NA,NA,NA,"FALSE"
"Xipholenalamellipennis",24,"Birds",NA,NA,NA,NA,NA,"FALSE"
"Xiphorhynchusguttatus",119,"Birds",NA,NA,NA,NA,NA,"FALSE"
"Xiphorhynchusspixii",58,"Birds",NA,NA,NA,NA,NA,"FALSE"
"Xylopiaaromatica",13,"Trees",NA,NA,NA,NA,NA,"FALSE"
"Xylopiabenthamii",18,"Trees",NA,NA,NA,NA,NA,"FALSE"
"Xylopiacayennensis",4,"Trees",NA,NA,NA,NA,NA,"FALSE"
"Xylopianitida",64,"Trees",NA,NA,NA,NA,NA,"FALSE"
"Xylopiapolyantha",24,"Trees",NA,NA,NA,NA,NA,"FALSE"
"Xylopiasp",2,"Trees",NA,NA,NA,NA,NA,"FALSE"
"Zanthoxylumekmanii",37,"Trees",NA,NA,NA,NA,NA,"FALSE"
"Zanthoxylumrhoifolium",50,"Trees",NA,NA,NA,NA,NA,"FALSE"
"Zanthoxylumsprucei",1,"Trees",NA,NA,NA,NA,NA,"FALSE"
"Zimmeriusacer",105,"Birds",NA,NA,NA,NA,NA,"FALSE"
"Ziziphuscinnamomum",5,"Trees",NA,NA,NA,NA,NA,"FALSE"
"Zollerniaparaensis",22,"Trees",NA,NA,NA,NA,NA,"FALSE"
"Zygiaracemosa",81,"Trees",NA,NA,NA,NA,NA,"FALSE"
"Zygiaramiflora",16,"Trees",NA,NA,NA,NA,NA,"FALSE"
"Zygiatrunciflora",1,"Trees",NA,NA,NA,NA,NA,"FALSE"
